algoritmo,regiao,tamanho,threads,total_mean,total_std,int_confianca_inf,int_confianca_sup
OMP,0,16,1,0.00048,0.000322007591352888,0.000280417627142186,0.000679582372857814
OMP,0,16,2,0.024956,0.0777969526966763,-0.0232630508462076,0.0731750508462076
OMP,0,16,4,0.024101,0.0748577898343846,-0.0222963388306394,0.0704983388306394
OMP,0,16,8,0.043786,0.0747786193744947,-0.00256226847121498,0.090134268471215
OMP,0,16,16,0.032966,0.0712183996512762,-0.0111756214251941,0.0771076214251941
OMP,0,16,32,0.048555,0.14760283769103,-0.0429301866167292,0.140040186616729
OMP,0,32,1,0.000995,0.000137618635688953,0.000909703085896642,0.00108029691410336
OMP,0,32,2,0.000595,0.0000558271140814808,0.000560397996204458,0.000629602003795541
OMP,0,32,4,0.000841,0.000337423242300296,0.00063186290769503,0.00105013709230497
OMP,0,32,8,0.003795,0.00285917334595547,0.00202286600030108,0.00556713399969892
OMP,0,32,16,0.001359,0.000104184665111735,0.00129442567555307,0.00142357432444693
OMP,0,32,32,0.002078,0.000202583316193609,0.00195243755975611,0.00220356244024389
OMP,0,64,1,0.003639,0.000271925234822613,0.00347045899331814,0.00380754100668186
OMP,0,64,2,0.00201,0.000378652581897678,0.00177530869826278,0.00224469130173722
OMP,0,64,4,0.001452,0.0000812130257751523,0.00140166364512381,0.0015023363548762
OMP,0,64,8,0.00623,0.00374639382161922,0.00390796105229334,0.00855203894770666
OMP,0,64,16,0.001836,0.0000678560567999972,0.00179394238026495,0.00187805761973505
OMP,0,64,32,0.002528,0.000166453196624957,0.00242483123987046,0.00263116876012954
OMP,0,128,1,0.014796,0.000942493147632031,0.0142118366949788,0.0153801633050212
OMP,0,128,2,0.006286,0.000397693349202624,0.00603950710841892,0.00653249289158108
OMP,0,128,4,0.006254,0.00420329553247608,0.00364877043795881,0.00885922956204119
OMP,0,128,8,0.006799,0.00181134357744619,0.00567631761934988,0.00792168238065012
OMP,0,128,16,0.004724,0.000208070500872501,0.00459503656745677,0.00485296343254323
OMP,0,128,32,0.004673,0.000202487310987901,0.0045474970643991,0.0047985029356009
OMP,0,256,1,0.056867,0.00238116241454556,0.055391140245085,0.058342859754915
OMP,0,256,2,0.024399,0.000965843902731929,0.0238003637470235,0.0249976362529765
OMP,0,256,4,0.017294,0.00116156216650968,0.0165740563103501,0.0180139436896499
OMP,0,256,8,0.018129,0.00568878125983257,0.0146030568452556,0.0216549431547444
OMP,0,256,16,0.014181,0.00121964885657034,0.0134250538068531,0.0149369461931469
OMP,0,256,32,0.011348,0.000842348568652616,0.0108259069480979,0.0118700930519021
OMP,0,512,1,0.210512,0.00787165915025401,0.205633095111656,0.215390904888344
OMP,0,512,2,0.100415,0.00576860323937548,0.0968395826697666,0.103990417330233
OMP,0,512,4,0.079788,0.00874698906926136,0.0743665600070174,0.0852094399929826
OMP,0,512,8,0.067734,0.0057218357582549,0.0641875694548775,0.0712804305451225
OMP,0,512,16,0.05591,0.00223324875461736,0.0545258180813202,0.0572941819186798
OMP,0,512,32,0.050417,0.00173287205400617,0.0493429547734745,0.0514910452265255
OMP,0,1024,1,0.869073,0.0478087502567376,0.8394408295921,0.8987051704079
OMP,0,1024,2,0.355261,0.0169050100726251,0.344783166203274,0.365738833796726
OMP,0,1024,4,0.268671,0.0299841482008966,0.250086632405085,0.287255367594915
OMP,0,1024,8,0.209681,0.0370959960253275,0.186688663455533,0.232673336544467
OMP,0,1024,16,0.192355,0.0341839631828857,0.171167560110585,0.213542439889415
OMP,0,1024,32,0.189576,0.0251405286782562,0.173993738888002,0.205158261111998
OMP,0,2048,1,3.487298,0.136693849069127,3.40257427458203,3.57202172541797
OMP,0,2048,2,1.508344,0.0937187690439385,1.45025650514152,1.56643149485848
OMP,0,2048,4,1.056688,0.186220669505593,0.94126723324433,1.17210876675567
OMP,0,2048,8,0.668469,0.00764807085334453,0.663728676573829,0.673209323426172
OMP,0,2048,16,0.656113,0.0373822082012286,0.632943267311028,0.679282732688972
OMP,0,2048,32,0.616472,0.0192537775802856,0.604538385019666,0.628405614980334
OMP,0,4096,1,13.688675,0.434751568631762,13.4192131860514,13.9581368139486
OMP,0,4096,2,5.884425,0.11308322237774,5.81433529261846,5.95451470738154
OMP,0,4096,4,4.050553,0.341501942211819,3.83888790329893,4.26221809670107
OMP,0,4096,8,2.675973,0.0663276617424603,2.63486268933604,2.71708331066396
OMP,0,4096,16,2.510161,0.0614991299757791,2.47204344433093,2.54827855566907
OMP,0,4096,32,2.401655,0.0262275882103814,2.38539897240955,2.41791102759045
OMP,0,8192,1,53.839157,4.75173731082304,50.8939997019792,56.7843142980208
OMP,0,8192,2,23.687917,0.740789623398198,23.2287708345165,24.1470631654835
OMP,0,8192,4,16.610879,1.34833260464298,15.7751737934687,17.4465842065313
OMP,0,8192,8,12.612497,2.14298048000676,11.284263937572,13.940730062428
OMP,0,8192,16,10.193661,0.155642478238501,10.0971927925463,10.2901292074537
OMP,0,8192,32,10.316893,0.24943302601656,10.1622928087674,10.4714931912326
OMP,1,16,1,0.024081,0.0754094303637004,-0.0226582491730099,0.07082024917301
OMP,1,16,2,0.024835,0.0774424294054766,-0.0231643150337886,0.0728343150337887
OMP,1,16,4,0.024408,0.0759832134677712,-0.0226868836253999,0.0715028836253999
OMP,1,16,8,0.042215,0.0780357928204174,-0.00615208548858866,0.0905820854885887
OMP,1,16,16,0.026978,0.080779725289071,-0.0230897924525289,0.0770457924525289
OMP,1,16,32,0.02672,0.0742397310519554,-0.0192942620284914,0.0727342620284914
OMP,1,32,1,0.000702,0.0000198885785202351,0.000689672931320779,0.000714327068679221
OMP,1,32,2,0.000619,0.0000341402336775183,0.000597839663938816,0.000640160336061184
OMP,1,32,4,0.000587,0.0000391719854544602,0.000562720951876612,0.000611279048123388
OMP,1,32,8,0.001754,0.00206551688446258,0.000473779371514426,0.00303422062848557
OMP,1,32,16,0.001757,0.000329108222659693,0.00155301661026228,0.00196098338973772
OMP,1,32,32,0.002482,0.000406715844021078,0.00222991490819346,0.00273408509180654
OMP,1,64,1,0.00266,0.0000679869268479038,0.00261786126616889,0.00270213873383111
OMP,1,64,2,0.001849,0.0000756380268853645,0.00180211906523495,0.00189588093476505
OMP,1,64,4,0.00124,0.0000666666666666667,0.00119867957190713,0.00128132042809287
OMP,1,64,8,0.002032,0.00143781315429602,0.001140834174204,0.002923165825796
OMP,1,64,16,0.002306,0.000530035638214807,0.00197748050786732,0.00263451949213268
OMP,1,64,32,0.00273,0.000267498701969852,0.00256420258680479,0.00289579741319521
OMP,1,128,1,0.009159,0.000312248120713141,0.0089654666097141,0.0093525333902859
OMP,1,128,2,0.006601,0.000386277102608995,0.00636158297136586,0.00684041702863414
OMP,1,128,4,0.003958,0.000322621208919135,0.00375803730303435,0.00415796269696565
OMP,1,128,8,0.006804,0.00430763198675715,0.00413410203361002,0.00947389796638998
OMP,1,128,16,0.004194,0.000397888873374911,0.0039473859212814,0.0044406140787186
OMP,1,128,32,0.004595,0.000163927490745824,0.0044933966885929,0.0046966033114071
OMP,1,256,1,0.035993,0.00330157891520607,0.0339466601876195,0.0380393398123805
OMP,1,256,2,0.025308,0.00107121737601043,0.024644052591641,0.025971947408359
OMP,1,256,4,0.016216,0.00175268809420146,0.0151296726645149,0.0173023273354851
OMP,1,256,8,0.019338,0.00375537777356982,0.0170103927411849,0.0216656072588151
OMP,1,256,16,0.012657,0.00102703510704898,0.012020437045655,0.013293562954345
OMP,1,256,32,0.011575,0.000438260450214507,0.0113033633587145,0.0118466366412855
OMP,1,512,1,0.157712,0.0197906828808126,0.14544560766672,0.16997839233328
OMP,1,512,2,0.102067,0.00147036692321641,0.101155657139187,0.102978342860813
OMP,1,512,4,0.069734,0.0036504800293173,0.0674714090366622,0.0719965909633378
OMP,1,512,8,0.06284,0.00787408971811275,0.0579595886300891,0.0677204113699109
OMP,1,512,16,0.05041,0.0020337759081188,0.0491494526324736,0.0516705473675264
OMP,1,512,32,0.047588,0.00415534943041964,0.0450124877398942,0.0501635122601059
OMP,1,1024,1,0.508448,0.0040998287227097,0.505906899831053,0.510989100168947
OMP,1,1024,2,0.328566,0.0163756826490447,0.318416246739428,0.338715753260572
OMP,1,1024,4,0.237536,0.0237729777501917,0.222801355734798,0.252270644265202
OMP,1,1024,8,0.197797,0.0351064179159437,0.176037816743592,0.219556183256408
OMP,1,1024,16,0.191573,0.0266675825051066,0.175044261120307,0.208101738879693
OMP,1,1024,32,0.191048,0.0271673643264201,0.174209493138162,0.207886506861838
OMP,1,2048,1,2.160438,0.299999608029374,1.97449631652801,2.34637968347199
OMP,1,2048,2,1.265124,0.00685657381236757,1.26087425152234,1.26937374847766
OMP,1,2048,4,0.870803,0.00615048877913142,0.866990887559989,0.874615112440011
OMP,1,2048,8,0.623553,0.0143282053229906,0.614672286333773,0.632433713666227
OMP,1,2048,16,0.607916,0.0434684913216203,0.580973949950594,0.634858050049406
OMP,1,2048,32,0.603153,0.0144241064040569,0.59421284622791,0.61209315377209
OMP,1,4096,1,8.017989,0.0470452629449085,7.98883004393062,8.04714795606938
OMP,1,4096,2,5.37195,0.420412069442985,5.11137589972812,5.63252410027188
OMP,1,4096,4,3.459519,0.0466862850310452,3.43058254074677,3.48845545925323
OMP,1,4096,8,2.465998,0.0760488154338311,2.41886245585478,2.51313354414522
OMP,1,4096,16,2.322648,0.0555132572354468,2.28824052669303,2.35705547330697
OMP,1,4096,32,2.331644,0.0485421929184636,2.30155723712064,2.36173076287936
OMP,1,8192,1,32.444567,0.11722352172476,32.3719111084967,32.5172228915033
OMP,1,8192,2,20.522693,0.294046700261106,20.3404409669887,20.7049450330113
OMP,1,8192,4,14.110892,0.113491567263828,14.0405491978359,14.1812348021641
OMP,1,8192,8,10.090212,0.257552300224849,9.9305794304761,10.2498445695239
OMP,1,8192,16,9.858704,0.896072273526094,9.3033126508363,10.4140953491637
OMP,1,8192,32,9.494015,0.0824251923800534,9.44292733647829,9.54510266352171
OMP,2,16,1,0.025111,0.0786033324781251,-0.023607850212831,0.073829850212831
OMP,2,16,2,0.027132,0.0691628935195745,-0.0157356055255527,0.0699996055255527
OMP,2,16,4,0.021216,0.065910306427245,-0.0196356311595869,0.0620676311595869
OMP,2,16,8,0.036747,0.0757022942628998,-0.0101737680983279,0.0836677680983279
OMP,2,16,16,0.024249,0.0731052458142065,-0.0210621007931591,0.0695601007931591
OMP,2,16,32,0.026813,0.0746664258999095,-0.0194657302352287,0.0730917302352287
OMP,2,32,1,0.000761,0.0000137032031940629,0.000752506666666667,0.000769493333333333
OMP,2,32,2,0.001204,0.00225920930120843,-0.00019627243215978,0.00260427243215978
OMP,2,32,4,0.000601,0.0000338132124077754,0.000580042353821735,0.000621957646178265
OMP,2,32,8,0.000614,0.0000531664054330051,0.00058104712051024,0.00064695287948976
OMP,2,32,16,0.001247,0.000199390738668241,0.00112341633980713,0.00137058366019287
OMP,2,32,32,0.002108,0.000319715150998162,0.00190983849639471,0.00230616150360529
OMP,2,64,1,0.002681,0.0000981438853022555,0.0026201697896692,0.0027418302103308
OMP,2,64,2,0.001503,0.000111858044959771,0.00143366966544947,0.00157233033455053
OMP,2,64,4,0.001195,0.0000609644705272397,0.00115721382969039,0.00123278617030961
OMP,2,64,8,0.001443,0.000604888419462631,0.0010680862733908,0.0018179137266092
OMP,2,64,16,0.001691,0.000095271541746036,0.0016319500866498,0.0017500499133502
OMP,2,64,32,0.002412,0.0000801110340575991,0.00236234666666667,0.00246165333333333
OMP,2,128,1,0.009817,0.000318958374156322,0.00961930755154084,0.0100146924484592
OMP,2,128,2,0.005916,0.000181426446681722,0.00580355072333615,0.00602844927666385
OMP,2,128,4,0.003985,0.00022520361157554,0.00384541735542458,0.00412458264457541
OMP,2,128,8,0.002518,0.000296453106653387,0.00233425646085433,0.00270174353914567
OMP,2,128,16,0.003833,0.000240094888649374,0.00368418764627148,0.00398181235372852
OMP,2,128,32,0.004419,0.000120503573022177,0.00434431111164006,0.00449368888835995
OMP,2,256,1,0.042517,0.00393957992684499,0.0400752230637505,0.0449587769362495
OMP,2,256,2,0.023354,0.000585874465127888,0.0229908712443835,0.0237171287556165
OMP,2,256,4,0.015333,0.000783539689131601,0.01484735706926,0.01581864293074
OMP,2,256,8,0.009325,0.00041161605626819,0.00906987772517651,0.00958012227482349
OMP,2,256,16,0.008967,0.000616045633230382,0.00858517096065269,0.00934882903934731
OMP,2,256,32,0.009625,0.000448881325568846,0.00934678047196903,0.00990321952803098
OMP,2,512,1,0.16169,0.0233392397286439,0.147224189345756,0.176155810654244
OMP,2,512,2,0.090921,0.0030127154602525,0.0890536996119055,0.0927883003880945
OMP,2,512,4,0.071891,0.00302445752711678,0.0700164218034626,0.0737655781965374
OMP,2,512,8,0.052797,0.0127891664657588,0.0448701925002587,0.0607238074997413
OMP,2,512,16,0.037766,0.00508733765779749,0.0346128354519027,0.0409191645480973
OMP,2,512,32,0.040769,0.00518939827383141,0.0375525776267135,0.0439854223732865
OMP,2,1024,1,0.550263,0.0154494171411093,0.540687352049161,0.559838647950839
OMP,2,1024,2,0.336484,0.00749679072077588,0.331837440971424,0.341130559028576
OMP,2,1024,4,0.241166,0.0210576416322225,0.228114338496956,0.254217661503044
OMP,2,1024,8,0.190365,0.0374788928005558,0.167135341575516,0.213594658424484
OMP,2,1024,16,0.167895,0.0208839695300806,0.15495098158108,0.18083901841892
OMP,2,1024,32,0.160068,0.0227448640356455,0.145970587216996,0.174165412783004
OMP,2,2048,1,2.16437,0.00950938016440173,2.15847602511064,2.17026397488936
OMP,2,2048,2,1.339828,0.0335254088714813,1.31904873630163,1.36060726369837
OMP,2,2048,4,0.908971,0.0248863485335502,0.893546281373881,0.924395718626119
OMP,2,2048,8,0.619842,0.0400435456860542,0.59502275324844,0.64466124675156
OMP,2,2048,16,0.62336,0.0921232970896432,0.566261388903944,0.680458611096056
OMP,2,2048,32,0.521409,0.0111194658644699,0.514517083654741,0.528300916345259
OMP,2,4096,1,10.083884,1.84983194051183,8.93734628477289,11.2304217152271
OMP,2,4096,2,5.415449,0.0238989392837609,5.40063628396744,5.43026171603256
OMP,2,4096,4,3.519065,0.0571223070359654,3.48366022729433,3.55446977270567
OMP,2,4096,8,2.362426,0.0667467424423595,2.32105594042716,2.40379605957284
OMP,2,4096,16,2.124338,0.0600432473398226,2.08712280973749,2.16155319026251
OMP,2,4096,32,2.058832,0.0410341358708412,2.03339877909094,2.08426522090906
OMP,2,8192,1,34.406673,0.400694110015498,34.158320217598,34.655025782402
OMP,2,8192,2,22.031225,0.202009141941095,21.9060184366448,22.1564315633552
OMP,2,8192,4,14.329993,0.220905604880858,14.1930742875731,14.4669117124269
OMP,2,8192,8,9.927946,1.08201755737655,9.25730456987804,10.598587430122
OMP,2,8192,16,8.675751,0.199223446826812,8.5522710283647,8.79923097163531
OMP,2,8192,32,8.510881,0.157441115937921,8.4132979853504,8.6084640146496
OMP,3,16,1,0.025332,0.0798186992571986,-0.0241401423468485,0.0748041423468485
OMP,3,16,2,0.02428,0.0762144194580877,-0.0229581865828625,0.0715181865828625
OMP,3,16,4,0.019563,0.0612522645477065,-0.0184015468915314,0.0575275468915314
OMP,3,16,8,0.033538,0.0840015457265189,-0.0185266974482343,0.0856026974482343
OMP,3,16,16,0.025274,0.0765645222744262,-0.0221811825565769,0.0727291825565769
OMP,3,16,32,0.027601,0.0815868001919156,-0.0229670226598571,0.0781690226598571
OMP,3,32,1,0.000181,0.0000251440295541948,0.000165415569022615,0.000196584430977385
OMP,3,32,2,0.00023,0.00000816496580927726,0.000224939301760956,0.000235060698239044
OMP,3,32,4,0.000279,0.000013703203194063,0.000270506666666667,0.000287493333333333
OMP,3,32,8,0.000345,0.0000850163382990457,0.000292306327598932,0.000397693672401068
OMP,3,32,16,0.000936,0.0000611373680965887,0.000898106666666667,0.000973893333333334
OMP,3,32,32,0.001681,0.0002433310502176,0.00153018185255083,0.00183181814744917
OMP,3,64,1,0.000486,0.0000337309617084627,0.000465093333333333,0.000506906666666667
OMP,3,64,2,0.000542,0.0000436653943835008,0.000514935908168448,0.000569064091831552
OMP,3,64,4,0.000545,0.0000812745689349107,0.000494625500278194,0.000595374499721806
OMP,3,64,8,0.000815,0.000750262916879439,0.000349982226385079,0.00128001777361492
OMP,3,64,16,0.001041,0.000065565912552857,0.00100036182637525,0.00108163817362475
OMP,3,64,32,0.001828,0.000141012213813004,0.00174059972438386,0.00191540027561614
OMP,3,128,1,0.001708,0.0000781451640644939,0.00165956512551202,0.00175643487448798
OMP,3,128,2,0.001446,0.0000852708104283705,0.00139314860413911,0.00149885139586089
OMP,3,128,4,0.001532,0.000147933919181655,0.00144030960694938,0.00162369039305062
OMP,3,128,8,0.001506,0.000214123536513128,0.00137328485709778,0.00163871514290222
OMP,3,128,16,0.001866,0.000318928762509052,0.00166832590502997,0.00206367409497003
OMP,3,128,32,0.002379,0.000116184718826913,0.00230698796520334,0.00245101203479666
OMP,3,256,1,0.006263,0.000323042824818423,0.00606277598279261,0.00646322401720739
OMP,3,256,2,0.005307,0.000445621912487356,0.00503080067712691,0.0055831993228731
OMP,3,256,4,0.005091,0.000171687700976706,0.00498458686046044,0.00519741313953956
OMP,3,256,8,0.006095,0.00145005938575709,0.00519624388130656,0.00699375611869344
OMP,3,256,16,0.004746,0.000321116109149877,0.00454697017353617,0.00494502982646383
OMP,3,256,32,0.005118,0.000465660820769796,0.00482938043309574,0.00540661956690426
OMP,3,512,1,0.029388,0.00182381651123864,0.0282575868148917,0.0305184131851083
OMP,3,512,2,0.020469,0.000696793449388778,0.0200371229456843,0.0209008770543157
OMP,3,512,4,0.019126,0.000580233669404931,0.0187663674457944,0.0194856325542056
OMP,3,512,8,0.027499,0.00444830167342299,0.0247419140585192,0.0302560859414808
OMP,3,512,16,0.017621,0.00130027732084779,0.0168150797669468,0.0184269202330531
OMP,3,512,32,0.015906,0.000732912000174647,0.0154517364359758,0.0163602635640242
OMP,3,1024,1,0.116983,0.0204516595631966,0.104306930074587,0.129659069925413
OMP,3,1024,2,0.077608,0.00546934446610276,0.0742180651790992,0.0809979348209008
OMP,3,1024,4,0.091887,0.0093157227309533,0.0861130552314384,0.0976609447685616
OMP,3,1024,8,0.0972,0.00421519473650585,0.0945873952348917,0.0998126047651083
OMP,3,1024,16,0.075725,0.00284973780470336,0.0739587142093585,0.0774912857906415
OMP,3,1024,32,0.065827,0.00210465647764401,0.0645225204003299,0.0671314795996701
OMP,3,2048,1,0.382689,0.0204510523771598,0.370013306412392,0.395364693587608
OMP,3,2048,2,0.278848,0.0122482713519546,0.271256442765095,0.286439557234905
OMP,3,2048,4,0.293259,0.0297679318320161,0.274808644698927,0.311709355301073
OMP,3,2048,8,0.274259,0.0170864465130829,0.263668710732403,0.284849289267597
OMP,3,2048,16,0.233535,0.0221260933188748,0.219821105280621,0.247248894719379
OMP,3,2048,32,0.216311,0.0223797534739674,0.202439885087643,0.230182114912357
OMP,3,4096,1,1.590091,0.0606768188300387,1.55248311805944,1.62769888194056
OMP,3,4096,2,1.136633,0.0407571253620489,1.11137147198308,1.16189452801692
OMP,3,4096,4,1.137711,0.0843489733125952,1.08543096470295,1.18999103529705
OMP,3,4096,8,1.055469,0.0695821507204893,1.01234153616911,1.0985964638309
OMP,3,4096,16,0.893796,0.0117351411486091,0.886522484160139,0.901069515839861
OMP,3,4096,32,0.809478,0.015486052362619,0.79987964530362,0.819076354696379
OMP,3,8192,1,6.668066,0.0741773797805714,6.6220903836899,6.71404161631011
OMP,3,8192,2,4.998976,0.166920874215566,4.89551737029666,5.10243462970334
OMP,3,8192,4,4.81751,0.120988504504446,4.74252054799341,4.89249945200659
OMP,3,8192,8,4.385702,0.109358838366585,4.31792068974431,4.45348331025569
OMP,3,8192,16,3.864552,0.12378050751229,3.7878320466006,3.9412719533994
OMP,3,8192,32,3.546051,0.0924542715136035,3.48874724883066,3.60335475116934
PTH,0,16,1,0.000768,0.000226950802304523,0.000627334435391363,0.000908665564608637
PTH,0,16,2,0.000461,0.0000344641520681675,0.000439638897240285,0.000482361102759715
PTH,0,16,4,0.000558,0.0000524510353673892,0.000525490511470581,0.000590509488529419
PTH,0,16,8,0.007506,0.00761233823035559,0.00278782388301016,0.0122241761169898
PTH,0,16,16,0.008704,0.00834228745608781,0.00353339666561048,0.0138746033343895
PTH,0,16,32,0.001369,0.0000981438853022552,0.0013081697896692,0.0014298302103308
PTH,0,32,1,0.001317,0.00014000396819773,0.00123022464149054,0.00140377535850946
PTH,0,32,2,0.000774,0.0000518973345494095,0.000741833698793095,0.000806166301206905
PTH,0,32,4,0.000762,0.0000364539283053128,0.000739405621151367,0.000784594378848633
PTH,0,32,8,0.000805,0.0000645066749345454,0.000765018348652858,0.000844981651347142
PTH,0,32,16,0.001065,0.00018780900463562,0.000948594772931415,0.00118140522706859
PTH,0,32,32,0.001292,0.0000948449026334866,0.00123321452031137,0.00135078547968863
PTH,0,64,1,0.003949,0.000294786174860506,0.00376628963588358,0.00413171036411642
PTH,0,64,2,0.002078,0.000117643529358822,0.00200508378506807,0.00215091621493193
PTH,0,64,4,0.001653,0.000105309068935206,0.00158772876284304,0.00171827123715696
PTH,0,64,8,0.001511,0.000219921703239029,0.00137469111612876,0.00164730888387124
PTH,0,64,16,0.001562,0.00011933147112141,0.00148803758792468,0.00163596241207532
PTH,0,64,32,0.001653,0.000104674097400774,0.00158812232227748,0.00171787767772252
PTH,0,128,1,0.015368,0.00117179634180461,0.0146417131027847,0.0160942868972153
PTH,0,128,2,0.006382,0.000761501440868265,0.00591001651704983,0.00685398348295017
PTH,0,128,4,0.005309,0.00130126818484465,0.00450246562307887,0.00611553437692113
PTH,0,128,8,0.003496,0.000190449760071025,0.00337795801575522,0.00361404198424478
PTH,0,128,16,0.003673,0.000482955024361022,0.00337366137465702,0.00397233862534298
PTH,0,128,32,0.003436,0.000421668642946621,0.00317464706740161,0.00369735293259839
PTH,0,256,1,0.058743,0.00492440419407939,0.055690822658975,0.061795177341025
PTH,0,256,2,0.023332,0.000948997131479098,0.0227438054840257,0.0239201945159743
PTH,0,256,4,0.015516,0.000460511792586369,0.0152305718338278,0.0158014281661722
PTH,0,256,8,0.012052,0.00129722610039868,0.0112479709329743,0.0128560290670257
PTH,0,256,16,0.011472,0.000741556920719285,0.0110123782587098,0.0119316217412902
PTH,0,256,32,0.009706,0.000500959080165237,0.00939550234525845,0.0100164976547415
PTH,0,512,1,0.216894,0.0156660880744223,0.207184058013365,0.226603941986635
PTH,0,512,2,0.093821,0.000891919901735081,0.0932681823175364,0.0943738176824636
PTH,0,512,4,0.070427,0.00444924225758349,0.0676693310784166,0.0731846689215833
PTH,0,512,8,0.051819,0.00194097598588385,0.0506159706201796,0.0530220293798204
PTH,0,512,16,0.050137,0.0039209807446607,0.047706750956301,0.052567249043699
PTH,0,512,32,0.047266,0.00372220723048391,0.0449589520567906,0.0495730479432094
PTH,0,1024,1,0.90176,0.0733675312685689,0.856286332997989,0.947233667002011
PTH,0,1024,2,0.339687,0.0170237723003256,0.329135556611926,0.350238443388074
PTH,0,1024,4,0.238554,0.0259303272465102,0.222482216663791,0.254625783336209
PTH,0,1024,8,0.181946,0.0333690565910662,0.161263644449031,0.202628355550969
PTH,0,1024,16,0.20169,0.0753337759574018,0.154997641913821,0.248382358086179
PTH,0,1024,32,0.183365,0.0317545567158829,0.163683321839008,0.203046678160992
PTH,0,2048,1,3.535979,0.175556957041171,3.42716767070567,3.64479032929433
PTH,0,2048,2,1.435856,0.102676931651337,1.37221617843357,1.49949582156643
PTH,0,2048,4,0.986486,0.0811283185522239,0.936202147204515,1.03676985279549
PTH,0,2048,8,0.623606,0.0186029885293257,0.612075748252424,0.635136251747576
PTH,0,2048,16,0.623816,0.0284037083650866,0.606211199163945,0.641420800836055
PTH,0,2048,32,0.612658,0.051227612519465,0.580906796807803,0.644409203192197
PTH,0,4096,1,13.791536,0.281311812336418,13.6171771323002,13.9658948676998
PTH,0,4096,2,5.653417,0.146102738513387,5.5628615844863,5.7439724155137
PTH,0,4096,4,3.77887,0.245336138797365,3.62680908577363,3.93093091422637
PTH,0,4096,8,2.543042,0.105121588944528,2.47788696414515,2.60819703585485
PTH,0,4096,16,2.494013,0.107609307946231,2.42731605993327,2.56070994006673
PTH,0,4096,32,2.38922,0.0273515540895049,2.37226733114025,2.40617266885975
PTH,0,8192,1,52.951247,6.54275311070373,48.8960066083968,57.0064873916032
PTH,0,8192,2,23.091922,0.99451520184795,22.4755150917217,23.7083289082783
PTH,0,8192,4,15.606086,0.606866591823204,15.2299461894591,15.9822258105409
PTH,0,8192,8,12.070738,2.06513948894392,10.7907512836803,13.3507247163197
PTH,0,8192,16,10.173554,0.203587273188783,10.0473693007637,10.2997386992363
PTH,0,8192,32,10.336188,0.143312176640136,10.2473621926546,10.4250138073454
PTH,1,16,1,0.000525,0.0000386580450158107,0.000501039495460701,0.000548960504539299
PTH,1,16,2,0.00055,0.0000898146239020499,0.000494332319370512,0.000605667680629488
PTH,1,16,4,0.000565,0.0000506074215022966,0.000533633195182734,0.000596366804817266
PTH,1,16,8,0.000667,0.000250068879400145,0.000512005702757237,0.000821994297242762
PTH,1,16,16,0.001303,0.000329782756775831,0.00109859852968565,0.00150740147031435
PTH,1,16,32,0.004526,0.00482592812029171,0.00153485876186214,0.00751714123813786
PTH,1,32,1,0.00103,0.0000561743318211758,0.000995182788419774,0.00106481721158023
PTH,1,32,2,0.000919,0.0000835929289938915,0.000867188565826537,0.000970811434173463
PTH,1,32,4,0.000792,0.0000737563556583431,0.000746285337144413,0.000837714662855587
PTH,1,32,8,0.000705,0.0000392286743197994,0.000680685815753854,0.000729314184246147
PTH,1,32,16,0.001929,0.000962617381009829,0.00133236356590559,0.00252563643409441
PTH,1,32,32,0.004319,0.00647698052078796,0.000304525881978232,0.00833347411802177
PTH,1,64,1,0.003028,0.0000854790422657312,0.00297501954070918,0.00308098045929082
PTH,1,64,2,0.002119,0.000105351264296585,0.0020537026098871,0.00218429739011289
PTH,1,64,4,0.001468,0.0000755424825291483,0.00142117828424047,0.00151482171575953
PTH,1,64,8,0.001066,0.0000631048510197292,0.00102688720811692,0.00110511279188308
PTH,1,64,16,0.001783,0.000723510730934779,0.00133456340301988,0.00223143659698012
PTH,1,64,32,0.002074,0.000650131610607507,0.00167104425299489,0.00247695574700511
PTH,1,128,1,0.009447,0.000327958330686487,0.00924372932069118,0.00965027067930881
PTH,1,128,2,0.006907,0.000456120110886985,0.00662429382634576,0.00718970617365424
PTH,1,128,4,0.003747,0.000191720282356006,0.00362817053788447,0.00386582946211553
PTH,1,128,8,0.002991,0.000482480857421077,0.00269195526637121,0.00329004473362879
PTH,1,128,16,0.003178,0.000419094261473478,0.00291824268556978,0.00343775731443022
PTH,1,128,32,0.003632,0.000279435939786643,0.00345880381015225,0.00380519618984775
PTH,1,256,1,0.037555,0.00353415163480258,0.0353645101225728,0.0397454898774272
PTH,1,256,2,0.025337,0.000560714821554694,0.0249894653530302,0.0256845346469698
PTH,1,256,4,0.014351,0.00111151998032724,0.0136620727786866,0.0150399272213134
PTH,1,256,8,0.011184,0.000526523187207047,0.0108576575475568,0.0115103424524432
PTH,1,256,16,0.010813,0.00128081614605688,0.0100191419280501,0.0116068580719499
PTH,1,256,32,0.010047,0.000932285721582534,0.00946916332319014,0.0106248366768099
PTH,1,512,1,0.159588,0.0216795365879132,0.146150884009987,0.173025115990013
PTH,1,512,2,0.102259,0.0029054028215646,0.100458212674461,0.104059787325539
PTH,1,512,4,0.061316,0.00232165745391807,0.0598770218017866,0.0627549781982133
PTH,1,512,8,0.045641,0.00283389190572494,0.043884535599298,0.047397464400702
PTH,1,512,16,0.045948,0.00256092778326744,0.0443607205152071,0.0475352794847929
PTH,1,512,32,0.04467,0.00247482434842466,0.0431360879770266,0.0462039120229734
PTH,1,1024,1,0.520795,0.020961679454556,0.507802816470884,0.533787183529116
PTH,1,1024,2,0.331747,0.0174612612819222,0.320924398131844,0.342569601868156
PTH,1,1024,4,0.209652,0.0212911670782876,0.196455597925926,0.222848402074074
PTH,1,1024,8,0.163181,0.0256843616276952,0.147261667733774,0.179100332266226
PTH,1,1024,16,0.174554,0.0247921094974456,0.159187691333605,0.189920308666395
PTH,1,1024,32,0.179526,0.0281678777648899,0.162067368484308,0.196984631515692
PTH,1,2048,1,2.188964,0.403346128094579,1.93896747976297,2.43896052023702
PTH,1,2048,2,1.267615,0.00443612255616698,1.2648654627536,1.2703645372464
PTH,1,2048,4,0.783384,0.004246408155397,0.780752048957429,0.786015951042571
PTH,1,2048,8,0.553651,0.0102408891215558,0.547303631161686,0.559998368838314
PTH,1,2048,16,0.575384,0.0376697353322266,0.552036056148911,0.598731943851089
PTH,1,2048,32,0.591492,0.0390892988482071,0.567264201566131,0.615719798433869
PTH,1,4096,1,8.134106,0.0386135912169104,8.11017304821071,8.15803895178929
PTH,1,4096,2,5.357963,0.364243078636293,5.13220280091327,5.58372319908673
PTH,1,4096,4,3.183794,0.0731460036426386,3.13845763724306,3.22913036275694
PTH,1,4096,8,2.27998,0.0659436387295157,2.23910770926543,2.32085229073457
PTH,1,4096,16,2.236109,0.0107739072145005,2.22943126312496,2.24278673687504
PTH,1,4096,32,2.30424,0.0835650870745539,2.25244582242693,2.35603417757307
PTH,1,8192,1,32.786405,0.173278738597672,32.6790057251263,32.8938042748737
PTH,1,8192,2,20.627512,0.386172864942344,20.388159578541,20.866864421459
PTH,1,8192,4,13.059929,0.0641629800585979,13.020160372944,13.099697627056
PTH,1,8192,8,9.44239,0.0866898170362463,9.38865909473155,9.49612090526845
PTH,1,8192,16,9.530843,0.201954456639776,9.40567033094573,9.65601566905427
PTH,1,8192,32,9.358236,0.0692615766817682,9.31530723001684,9.40116476998317
PTH,2,16,1,0.000564,0.0000573875712444196,0.00052843081483456,0.00059956918516544
PTH,2,16,2,0.005708,0.00535378121829173,0.00238969202216953,0.00902630797783047
PTH,2,16,4,0.000613,0.000234475774631174,0.0004676704092225,0.0007583295907775
PTH,2,16,8,0.002113,0.00451971496151398,-0.000688348356012392,0.00491434835601239
PTH,2,16,16,0.009192,0.0136287561998722,0.000744809391719503,0.0176391906082805
PTH,2,16,32,0.008508,0.015879111226178,-0.00133397510399886,0.0183499751039989
PTH,2,32,1,0.001061,0.0000341402336775183,0.00103983966393882,0.00108216033606118
PTH,2,32,2,0.000656,0.0000447710223743489,0.000628250632840049,0.000683749367159951
PTH,2,32,4,0.000779,0.0000566568618968612,0.000743883713180349,0.000814116286819651
PTH,2,32,8,0.000658,0.0000234757558155453,0.000643449575798471,0.000672550424201529
PTH,2,32,16,0.000823,0.000165532809772296,0.000720401701551905,0.000925598298448095
PTH,2,32,32,0.001419,0.00019191722752849,0.0013000484700019,0.0015379515299981
PTH,2,64,1,0.002982,0.000158801063528485,0.00288357408110101,0.00308042591889899
PTH,2,64,2,0.001687,0.000184935424165061,0.00157237583655946,0.00180162416344054
PTH,2,64,4,0.001518,0.0000915059196627919,0.00146128404339753,0.00157471595660247
PTH,2,64,8,0.001107,0.0000915362708924111,0.00105026523151051,0.00116373476848949
PTH,2,64,16,0.001302,0.000100862943310878,0.00123948450005532,0.00136451549994468
PTH,2,64,32,0.001647,0.0000581282107834818,0.00161097176169231,0.00168302823830769
PTH,2,128,1,0.010015,0.000427687580678546,0.0097499164911454,0.0102800835088546
PTH,2,128,2,0.005637,0.00013089860367645,0.00555586820488996,0.00571813179511004
PTH,2,128,4,0.003884,0.000245773156476545,0.00373166821940981,0.00403633178059019
PTH,2,128,8,0.002508,0.000085218672966799,0.00245518091927259,0.00256081908072741
PTH,2,128,16,0.003015,0.000246227085792319,0.00286238687110504,0.00316761312889497
PTH,2,128,32,0.003409,0.000283370585786332,0.00323336509129573,0.00358463490870426
PTH,2,256,1,0.043046,0.00385135531699917,0.0406589052434579,0.0454330947565422
PTH,2,256,2,0.021524,0.000440307973026961,0.0212510942909274,0.0217969057090726
PTH,2,256,4,0.013788,0.000850853166598745,0.0132606357436795,0.0143153642563205
PTH,2,256,8,0.008442,0.000467969609649554,0.00815194943092243,0.00873205056907757
PTH,2,256,16,0.008007,0.000213231746646172,0.00787483759418386,0.00813916240581614
PTH,2,256,32,0.008987,0.000412662089366106,0.00873122938714544,0.00924277061285457
PTH,2,512,1,0.161999,0.024528111514025,0.146796318978964,0.177201681021036
PTH,2,512,2,0.082532,0.00368378971531583,0.0802487634793857,0.0848152365206142
PTH,2,512,4,0.061505,0.00166941273772812,0.0604702872652008,0.0625397127347992
PTH,2,512,8,0.040127,0.00630165948161452,0.0362211909878632,0.0440328090121368
PTH,2,512,16,0.035343,0.00444491482233099,0.0325880132505743,0.0380979867494257
PTH,2,512,32,0.039679,0.00493761627148612,0.0366186337285583,0.0427393662714417
PTH,2,1024,1,0.56242,0.0306753788349331,0.543407203219446,0.581432796780555
PTH,2,1024,2,0.304471,0.00500948977220013,0.301366086071288,0.307575913928712
PTH,2,1024,4,0.212331,0.0187185751178995,0.200729106942599,0.223932893057401
PTH,2,1024,8,0.155162,0.0207295794029262,0.14231367357329,0.16801032642671
PTH,2,1024,16,0.160145,0.0250838687650494,0.144597857066043,0.175692142933957
PTH,2,1024,32,0.15072,0.0230825730320036,0.136413273012491,0.165026726987509
PTH,2,2048,1,2.192063,0.0104984147480572,2.18555601512471,2.19856998487529
PTH,2,2048,2,1.226952,0.0319279799966529,1.20716283297597,1.24674116702403
PTH,2,2048,4,0.808677,0.0377209608838375,0.785297306223083,0.832056693776917
PTH,2,2048,8,0.551047,0.0411953932295024,0.525513830744545,0.576580169255455
PTH,2,2048,16,0.640272,0.0898765985856904,0.584565907063628,0.695978092936372
PTH,2,2048,32,0.506559,0.0180634495598156,0.495363157970318,0.517754842029682
PTH,2,4096,1,10.120727,1.62179298545399,9.11552929344549,11.1259247065545
PTH,2,4096,2,4.93747,0.0344435567269119,4.91612166236505,4.95881833763495
PTH,2,4096,4,3.14946,0.02398734156916,3.13459249166329,3.16432750833671
PTH,2,4096,8,2.216378,0.133809335980549,2.13344211431692,2.29931388568308
PTH,2,4096,16,2.103055,0.0988882417737878,2.04176343274834,2.16434656725166
PTH,2,4096,32,2.022488,0.0168618232835138,2.01203693365248,2.03293906634752
PTH,2,8192,1,34.709817,0.320733658284668,34.5110242190383,34.9086097809617
PTH,2,8192,2,20.151364,0.190864952268468,20.0330646769651,20.2696633230349
PTH,2,8192,4,13.116559,0.186381447005269,13.0010385823176,13.2320794176824
PTH,2,8192,8,9.038689,0.545149658991812,8.70080174073667,9.37657625926333
PTH,2,8192,16,8.50949,0.0852038998846622,8.45668007572376,8.56229992427624
PTH,2,8192,32,8.487575,0.175869714229975,8.37856982179171,8.59658017820829
PTH,3,16,1,0.000345,0.0000236877840059198,0.00033031815936456,0.00035968184063544
PTH,3,16,2,0.00037,0.0000274873708374511,0.000352963151047737,0.000387036848952263
PTH,3,16,4,0.000446,0.000128685663537163,0.000366239799398447,0.000525760200601553
PTH,3,16,8,0.000633,0.000318714431566707,0.000435458748724335,0.000830541251275665
PTH,3,16,16,0.002751,0.00415442588626208,0.00017606015849345,0.00532593984150655
PTH,3,16,32,0.006808,0.0167012719409165,-0.00354355559441081,0.0171595555944108
PTH,3,32,1,0.00046,0.0000290593262902712,0.000441988842963935,0.000478011157036065
PTH,3,32,2,0.000502,0.0000329309040939426,0.000481589214180297,0.000522410785819703
PTH,3,32,4,0.000631,0.0000460555220479707,0.000602454491694061,0.000659545508305939
PTH,3,32,8,0.000508,0.0000771434450300939,0.00046018599740197,0.00055581400259803
PTH,3,32,16,0.003172,0.00699670366831569,-0.00116460186220604,0.00750860186220604
PTH,3,32,32,0.001331,0.000150513934386303,0.00123771049695824,0.00142428950304176
PTH,3,64,1,0.000802,0.0000573100728008999,0.000766478848867502,0.000837521151132498
PTH,3,64,2,0.000765,0.0000866987120242663,0.000711263581560857,0.000818736418439143
PTH,3,64,4,0.000832,0.0000373571352696584,0.000808845807675019,0.000855154192324981
PTH,3,64,8,0.000975,0.0000492724849969816,0.00094446059740088,0.00100553940259912
PTH,3,64,16,0.000955,0.000104376455412341,0.000890306802693191,0.00101969319730681
PTH,3,64,32,0.001417,0.000041379007023154,0.00139135302573618,0.00144264697426382
PTH,3,128,1,0.002051,0.0000314289321768617,0.00203152014601926,0.00207047985398074
PTH,3,128,2,0.001646,0.00010046558282981,0.00158373078663309,0.00170826921336691
PTH,3,128,4,0.001523,0.000103392456204503,0.00145891669172085,0.00158708330827915
PTH,3,128,8,0.001573,0.0000767463354173996,0.00152543212848991,0.00162056787151009
PTH,3,128,16,0.001493,0.0000743938468184328,0.00144689021602981,0.00153910978397019
PTH,3,128,32,0.00186,0.000362061995919054,0.001635591649987,0.002084408350013
PTH,3,256,1,0.006687,0.00032595330272227,0.00648497204989848,0.00688902795010152
PTH,3,256,2,0.005403,0.000258287092635738,0.00524291200142144,0.00556308799857856
PTH,3,256,4,0.004134,0.000212770089794386,0.00400212373206507,0.00426587626793493
PTH,3,256,8,0.004185,0.000364638329185388,0.00395899482208488,0.00441100517791512
PTH,3,256,16,0.004389,0.00038974207995659,0.00414743535615584,0.00463056464384416
PTH,3,256,32,0.004852,0.000928269596854515,0.00427665254308568,0.00542734745691432
PTH,3,512,1,0.032398,0.00226532705512177,0.0309939357446802,0.0338020642553198
PTH,3,512,2,0.020489,0.000810945264627781,0.0199863709175855,0.0209916290824145
PTH,3,512,4,0.014548,0.000337006429216615,0.0143391212511208,0.0147568787488792
PTH,3,512,8,0.015371,0.000886007900641975,0.0148218466137772,0.0159201533862228
PTH,3,512,16,0.015347,0.00106628170136539,0.0146861117544799,0.0160078882455201
PTH,3,512,32,0.015146,0.000687688560000496,0.0147197662145932,0.0155722337854068
PTH,3,1024,1,0.120803,0.0211350593669487,0.107703354487843,0.133902645512157
PTH,3,1024,2,0.077083,0.00704758753049581,0.0727148599932694,0.0814511400067306
PTH,3,1024,4,0.071163,0.00706106232171273,0.0667865082311463,0.0755394917688537
PTH,3,1024,8,0.065526,0.00508585008736112,0.0623737574576114,0.0686782425423886
PTH,3,1024,16,0.064899,0.00260856899893835,0.0632821921838113,0.0665158078161887
PTH,3,1024,32,0.063556,0.0029538946043035,0.0617251571561346,0.0653868428438655
PTH,3,2048,1,0.402016,0.00689449893433567,0.397742745288211,0.406289254711788
PTH,3,2048,2,0.267603,0.00504304372378429,0.264477289116633,0.270728710883367
PTH,3,2048,4,0.228258,0.0193287096770006,0.216277941624954,0.240238058375046
PTH,3,2048,8,0.191583,0.00468649845596665,0.188678278163143,0.194487721836857
PTH,3,2048,16,0.195483,0.00612632217022035,0.191685866179375,0.199280133820625
PTH,3,2048,32,0.201942,0.0145420423447174,0.192928748774575,0.210955251225425
PTH,3,4096,1,1.585522,0.0239022401553587,1.57070723806603,1.60033676193397
PTH,3,4096,2,1.129582,0.0437066391600484,1.1024923443911,1.15667165560891
PTH,3,4096,4,0.932308,0.0889219450229619,0.877193607472013,0.987422392527987
PTH,3,4096,8,0.770745,0.0154411170076664,0.761174496525168,0.780315503474832
PTH,3,4096,16,0.789398,0.045942657689293,0.760922445748316,0.817873554251684
PTH,3,4096,32,0.781498,0.0110676262636173,0.774638214172232,0.788357785827768
PTH,3,8192,1,6.793759,0.126494434963229,6.71535693693931,6.87216106306069
PTH,3,8192,2,4.924287,0.116307150926616,4.85219908100176,4.99637491899824
PTH,3,8192,4,4.045146,0.0407289796363987,4.01990191688458,4.07039008311542
PTH,3,8192,8,3.40441,0.0641715490783191,3.36463606181052,3.44418393818948
PTH,3,8192,16,3.424458,0.100324632601703,3.36227614848957,3.48663985151043
PTH,3,8192,32,3.40656,0.0704115699141682,3.36291845682684,3.45020154317316
SEQ,0,16,1,0.000465,0.0000544160923910483,0.000431272556508913,0.000498727443491087
SEQ,0,32,1,0.000935,0.0000347211110933328,0.000913479632386452,0.000956520367613547
SEQ,0,64,1,0.002963,0.0000478539444560217,0.00293333981793717,0.00299266018206283
SEQ,0,128,1,0.010099,0.000452927514436177,0.00981827261812689,0.0103797273818731
SEQ,0,256,1,0.037733,0.00108548043638648,0.0370602122552312,0.0384057877447688
SEQ,0,512,1,0.149895,0.00241139540054671,0.148400401646224,0.151389598353776
SEQ,0,1024,1,0.613969,0.0068389886354311,0.609730150927926,0.618207849072074
SEQ,0,2048,1,2.398651,0.0251146205536846,2.38308479690998,2.41421720309002
SEQ,0,4096,1,9.769988,0.365146366750528,9.5436679371397,9.9963080628603
SEQ,0,8192,1,38.669379,0.602923132643508,38.2956833707812,39.0430746292188
SEQ,1,16,1,0.024789,0.0768893802015453,-0.0228675315858457,0.0724455315858457
SEQ,1,32,1,0.000908,0.0000244040069569642,0.000892874239780354,0.000923125760219646
SEQ,1,64,1,0.002776,0.0000873307887670017,0.0027218718163369,0.0028301281836631
SEQ,1,128,1,0.009594,0.000532732995453111,0.00926380866853023,0.00992419133146977
SEQ,1,256,1,0.03365,0.0012983065893694,0.032845301238972,0.034454698761028
SEQ,1,512,1,0.144071,0.00802429013821299,0.139097493445215,0.149044506554785
SEQ,1,1024,1,0.531615,0.0334130357960948,0.510905385855346,0.552324614144654
SEQ,1,2048,1,2.010637,0.0295013950894228,1.99235184588352,2.02892215411648
SEQ,1,4096,1,7.980876,0.0582858124913585,7.94475007914175,8.01700192085825
SEQ,1,8192,1,32.690035,0.389104279289127,32.4488656691051,32.9312043308949
SEQ,2,16,1,0.034639,0.0690115309930159,-0.00813479005963347,0.0774127900596335
SEQ,2,32,1,0.007059,0.00683828836608824,0.00282058495936144,0.0112974150406386
SEQ,2,64,1,0.002412,0.000109117673484485,0.00234436816528685,0.00247963183471315
SEQ,2,128,1,0.008836,0.000273016076042745,0.00866678288292519,0.00900521711707481
SEQ,2,256,1,0.034636,0.000767466249710334,0.0341603194902271,0.0351116805097729
SEQ,2,512,1,0.142361,0.00683123130270898,0.13812695897256,0.14659504102744
SEQ,2,1024,1,0.545218,0.00238001307185954,0.543742852615062,0.546693147384938
SEQ,2,2048,1,2.15894,0.00603552814590411,2.15519914089867,2.16268085910133
SEQ,2,4096,1,8.645078,0.0457833914087727,8.6167011600117,8.67345483998831
SEQ,2,8192,1,34.620567,0.147101034670429,34.5293928341177,34.7117411658823
SEQ,3,16,1,0.02694,0.0840779442607341,-0.0251720497503259,0.0790520497503259
SEQ,3,32,1,0.000431,0.0000264365067451978,0.000414614483360127,0.000447385516639873
SEQ,3,64,1,0.000863,0.0000665081448646204,0.000821777824737972,0.000904222175262027
SEQ,3,128,1,0.002574,0.000150864177325169,0.00248049341413569,0.00266750658586431
SEQ,3,256,1,0.009345,0.000522563127499656,0.0090211120179925,0.0096688879820075
SEQ,3,512,1,0.033101,0.003250700608245,0.0310861948889836,0.0351158051110164
SEQ,3,1024,1,0.127103,0.00312330327271197,0.125167156575615,0.129038843424385
SEQ,3,2048,1,0.43432,0.0279558862813858,0.416992762167065,0.451647237832936
SEQ,3,4096,1,1.730596,0.0399861879486738,1.70581230394238,1.75537969605762
SEQ,3,8192,1,6.999387,0.0947450452589004,6.94066341255336,7.05811058744664
