tipo,regiao,tamanho,threads,total_mean,total_std,write_mean,write_std,mondelbrot_mean,mondelbrot_std,image_buffer_mean,image_buffer_std
OMP,0,16,1,0.00048000000000000007,0.00032200759135288855,0.00025500000000000007,0.00032070235421649155,0.00019900000000000004,1.523883926754995e-05,1e-05,0.0
OMP,0,16,2,0.024956,0.0777969526966763,0.024699999999999996,0.07780608659424475,0.00023699999999999996,1.5670212364724195e-05,8.000000000000001e-06,6.324555320336759e-06
OMP,0,16,4,0.024101000000000004,0.07485778983438456,0.023766,0.07485251783785676,0.000321,1.2866839377079207e-05,8.000000000000001e-06,4.216370213557839e-06
OMP,0,16,8,0.043786000000000005,0.0747786193744947,0.025355,0.07961388715404981,0.018409000000000002,0.016178341798012964,8.000000000000001e-06,4.216370213557839e-06
OMP,0,16,16,0.032965999999999995,0.07121839965127615,0.03185399999999999,0.07126745528095009,0.0010940000000000001,8.591985930052626e-05,8.000000000000001e-06,4.216370213557839e-06
OMP,0,16,32,0.048555,0.14760283769102966,0.04675700000000001,0.14765833957333924,0.0017840000000000002,7.734482673212363e-05,0.0,0.0
OMP,0,32,1,0.000995,0.00013761863568895343,0.00014,3.6514837167011085e-05,0.0008179999999999999,0.00010358034991681046,2.4e-05,5.163977794943222e-06
OMP,0,32,2,0.0005949999999999999,5.582711408148078e-05,0.00012100000000000001,3.510302297840205e-05,0.00043800000000000013,2.4855135843076335e-05,2.3e-05,4.830458915396479e-06
OMP,0,32,4,0.0008410000000000001,0.0003374232423002962,0.00012899999999999996,2.766867462592951e-05,0.000675,0.000314580849879822,2.8000000000000003e-05,9.189365834726814e-06
OMP,0,32,8,0.0037950000000000006,0.0028591733459554748,0.000125,2.3213980461973535e-05,0.003633,0.0028410054949299596,2.5e-05,5.270462766947298e-06
OMP,0,32,16,0.0013590000000000002,0.00010418466511173536,8.8e-05,1.5491933384829674e-05,0.001242,0.00010019980039900283,2.1000000000000002e-05,3.162277660168379e-06
OMP,0,32,32,0.002078,0.00020258331619360946,7.799999999999999e-05,9.189365834726817e-06,0.001973,0.0002011108041741058,2e-05,0.0
OMP,0,64,1,0.003639,0.00027192523482261324,0.00022799999999999996,6.957010852370436e-05,0.0032800000000000004,0.00024440403706431157,0.000113,3.653004851412662e-05
OMP,0,64,2,0.00201,0.0003786525818976781,0.000319,0.0003780784750991959,0.0015940000000000004,0.00013898041428760948,8.900000000000001e-05,1.1005049346146126e-05
OMP,0,64,4,0.0014520000000000002,8.121302577515231e-05,0.00024900000000000004,2.4244128727957568e-05,0.001081,6.67416245265609e-05,0.00011,2.1081851067789197e-05
OMP,0,64,8,0.006229999999999999,0.00374639382161922,0.000353,0.00023338332797733812,0.005756,0.003621976746965054,0.00011100000000000001,1.7288403306519916e-05
OMP,0,64,16,0.0018359999999999997,6.785605679999722e-05,0.00015199999999999998,1.398411797560204e-05,0.0015800000000000002,5.8118652580542306e-05,9.1e-05,2.1317702607092633e-05
OMP,0,64,32,0.002528,0.0001664531966249572,0.000135,1.4337208778404375e-05,0.0023089999999999994,0.00015982281856272365,7.199999999999999e-05,4.216370213557844e-06
OMP,0,128,1,0.014795999999999998,0.0009424931476320306,0.0006749999999999999,0.0001580611695937156,0.013613999999999998,0.0009884690744333435,0.00049,0.00011699952516522829
OMP,0,128,2,0.006286,0.00039769334920262386,0.0004550000000000001,4.672615256292059e-05,0.005505,0.0003553792965894955,0.00031199999999999994,3.0110906108363232e-05
OMP,0,128,4,0.006254,0.0042032955324760755,0.000666,0.0002189469748084631,0.004939,0.0034256627906954816,0.000635,0.0007302244708155006
OMP,0,128,8,0.0067989999999999995,0.001811343577446188,0.000715,0.00025351966831435824,0.005696999999999999,0.001729226223873942,0.00037700000000000006,3.267686915507325e-05
OMP,0,128,16,0.004724,0.00020807050087250073,0.000452,6.338594306135847e-05,0.003915999999999999,0.00018081297888518228,0.000346,1.5776212754932303e-05
OMP,0,128,32,0.004673,0.00020248731098790147,0.0003870000000000001,4.270050741306634e-05,0.003971000000000001,0.0002105785680769373,0.000305,1.2692955176439833e-05
OMP,0,256,1,0.056867,0.0023811624145455576,0.0018459999999999998,0.0005967728024782779,0.052859,0.002521945677448266,0.002144,0.00047315019931424635
OMP,0,256,2,0.024398999999999997,0.0009658439027319286,0.0016389999999999998,0.00011817595168034638,0.021407,0.0008148353616938013,0.001339,0.00023750789460563198
OMP,0,256,4,0.017294,0.0011615621665096829,0.0024339999999999995,0.001092603414886766,0.013268999999999998,0.00048254993984503223,0.0015810000000000002,0.0003504108699480908
OMP,0,256,8,0.018129,0.005688781259832568,0.002058,0.00013147031773158696,0.014427,0.005624195843753033,0.0016320000000000002,0.0002787591553055553
OMP,0,256,16,0.014181,0.0012196488565703386,0.001562,0.00015533476394190995,0.011091,0.0010903256394307157,0.001515,0.00020222374846798889
OMP,0,256,32,0.011348,0.0008423485686526159,0.0012749999999999999,4.696334267868457e-05,0.008866,0.0008175464648704821,0.001196,5.211099265563416e-05
OMP,0,512,1,0.21051199999999998,0.007871659150254012,0.006153,0.0011330004413061803,0.197077,0.006880465181302142,0.007269,0.0015151930570062684
OMP,0,512,2,0.100415,0.005768603239375479,0.006197,0.00045719069690155904,0.089269,0.005868616058701103,0.004939000000000001,0.00042932634569882975
OMP,0,512,4,0.079788,0.008746989069261362,0.009222,0.0013575615394277097,0.06284700000000001,0.005312183167022766,0.007702999999999999,0.004011383939628704
OMP,0,512,8,0.067734,0.005721835758254902,0.012833000000000002,0.0035997717520235466,0.048205000000000005,0.004284894008801931,0.006681000000000001,0.0006378514281903306
OMP,0,512,16,0.055909999999999994,0.0022332487546173623,0.006766000000000001,0.0008191621736058537,0.042575,0.0021403699057250193,0.006554,0.0004934504365519735
OMP,0,512,32,0.050417000000000003,0.001732872054006169,0.006279,0.0004532218000052514,0.037791,0.0016776600768133377,0.006334000000000001,0.000526100962004654
OMP,0,1024,1,0.8690730000000002,0.047808750256737635,0.024624,0.004057764025776867,0.816088,0.04415200757987491,0.028340000000000004,0.003329207446558748
OMP,0,1024,2,0.355261,0.016905010072625085,0.020948,0.0009681230408487455,0.315453,0.01641223259915873,0.018847,0.0031627240368602076
OMP,0,1024,4,0.268671,0.02998414820089664,0.026527000000000002,0.003977017447507336,0.21884099999999998,0.023775521235085466,0.023292,0.004588361605434146
OMP,0,1024,8,0.209681,0.037095996025327475,0.030042999999999997,0.0045791606460379,0.155136,0.030401684602447063,0.024487000000000002,0.003149762072143086
OMP,0,1024,16,0.192355,0.034183963182885746,0.023449,0.002544180505476065,0.145438,0.029491422406448215,0.023455999999999998,0.0024192845590748054
OMP,0,1024,32,0.189576,0.025140528678256176,0.024239000000000004,0.001837827521831141,0.141035,0.02161601630992888,0.024291,0.0021056086478208093
OMP,0,2048,1,3.487298,0.13669384906912727,0.10121900000000002,0.02332664592263534,3.272341,0.13183161958009593,0.11371699999999998,0.01152079477389569
OMP,0,2048,2,1.5083440000000001,0.09371876904393853,0.084898,0.005583314029817375,1.3442640000000001,0.07978624208888814,0.079165,0.012332127193274938
OMP,0,2048,4,1.0566879999999998,0.18622066950559255,0.10495999999999998,0.025645856498771016,0.8697119999999998,0.1598555491547152,0.08200400000000001,0.007893990963595868
OMP,0,2048,8,0.6684690000000001,0.0076480708533445295,0.093056,0.0008727377103752953,0.493862,0.007773863332417869,0.081541,0.0022798072530613466
OMP,0,2048,16,0.6561130000000001,0.03738220820122856,0.09176599999999999,0.010177549585020727,0.48189399999999993,0.029142775815323808,0.082442,0.002211715272010491
OMP,0,2048,32,0.616472,0.01925377758028564,0.08961000000000001,0.0045873352225932265,0.444839,0.011726957974399562,0.082013,0.004495827818964794
OMP,0,4096,1,13.688675,0.4347515686317621,0.413644,0.07372751517129363,12.685553,0.3797074316438321,0.5894579999999999,0.0528861533652976
OMP,0,4096,2,5.884425,0.11308322237773973,0.317956,0.004898530845513223,5.199099,0.09744956102175803,0.36735799999999996,0.03122540233705743
OMP,0,4096,4,4.050552999999999,0.34150194221181873,0.395087,0.0879677276745411,3.2723369999999994,0.21457374262321416,0.383115,0.05228236461752663
OMP,0,4096,8,2.675973,0.06632766174246028,0.33818500000000007,0.007631965306816091,2.004512,0.043632112995412524,0.33326399999999995,0.02711397106044533
OMP,0,4096,16,2.510161,0.06149912997577906,0.336493,0.006738080917030053,1.8552009999999999,0.04630384180125398,0.31845599999999996,0.020189393364943974
OMP,0,4096,32,2.4016550000000003,0.026227588210381413,0.33115700000000003,0.009472433748045506,1.7636749999999999,0.025307882061611636,0.306806,0.004098423002950186
OMP,0,8192,1,53.839157,4.7517373108230405,1.602213,0.24246567088284204,49.579612,4.059416924922975,2.657316,0.494484140902865
OMP,0,8192,2,23.687917000000002,0.7407896233981983,1.2985389999999999,0.09621691147841131,20.651536,0.5950722590707411,1.73783,0.20560918597075264
OMP,0,8192,4,16.610879,1.3483326046429838,1.4795700000000003,0.2356863959681264,13.257855000000001,1.1157767224001405,1.8734389999999999,0.20520974632745329
OMP,0,8192,8,12.612497000000001,2.142980480006759,1.3293050000000002,0.17300069802363996,9.329625,1.8660039945071576,1.953556,0.377049846194844
OMP,0,8192,16,10.193661,0.15564247823850083,1.203115,0.03149710895022309,7.348555999999999,0.11969866231499861,1.6419730000000001,0.10361845578317062
OMP,0,8192,32,10.316892999999999,0.24943302601656,1.24451,0.05291885528282379,7.400558000000001,0.1378080411135559,1.67181,0.11859732730734047
OMP,1,16,1,0.024080999999999998,0.07540943036370039,0.023910999999999998,0.0754129439891529,0.00015199999999999998,6.324555320336764e-06,6e-06,5.163977794943223e-06
OMP,1,16,2,0.024835000000000003,0.07744242940547658,0.024579999999999994,0.07744769561165493,0.00023600000000000002,2.1186998109427614e-05,1e-05,0.0
OMP,1,16,4,0.024408000000000006,0.07598321346777122,0.024096999999999997,0.07595545171714507,0.000287,1.7669811040931446e-05,1.4000000000000001e-05,2.366431913239846e-05
OMP,1,16,8,0.042214999999999996,0.07803579282041742,0.025400000000000006,0.07989671554923618,0.016797,0.01315108026826018,5e-06,5.270462766947299e-06
OMP,1,16,16,0.026978000000000002,0.08077972528907101,0.025673999999999992,0.08088263118041268,0.001288,0.0002696417376198772,7.000000000000001e-06,4.83045891539648e-06
OMP,1,16,32,0.02672,0.07423973105195537,0.024694,0.07426590906256308,0.002006,0.0002056534301521211,7.000000000000001e-06,4.83045891539648e-06
OMP,1,32,1,0.0007019999999999999,1.988857852023506e-05,7e-05,1.5634719199411434e-05,0.000595,9.718253158075473e-06,2.3e-05,9.48683298050514e-06
OMP,1,32,2,0.000619,3.4140233677518316e-05,0.000119,3.381321240777535e-05,0.0004509999999999999,4.254409477236529e-05,3.3e-05,6.74948557710553e-06
OMP,1,32,4,0.0005870000000000001,3.917198545446023e-05,0.0001,1.8856180831641264e-05,0.0004560000000000001,3.921450978627398e-05,2.1000000000000002e-05,3.162277660168379e-06
OMP,1,32,8,0.001754,0.002065516884462579,9.8e-05,3.73571352696584e-05,0.0016290000000000002,0.0020366009263803582,2.1000000000000002e-05,3.162277660168379e-06
OMP,1,32,16,0.0017569999999999999,0.0003291082226596933,0.00012100000000000001,2.2827858224351913e-05,0.0016,0.00033333333333333316,2e-05,0.0
OMP,1,32,32,0.002482,0.00040671584402107806,0.000109,2.3309511649396113e-05,0.002338,0.00038978056504768025,2.2e-05,4.216370213557839e-06
OMP,1,64,1,0.00266,6.798692684790383e-05,0.000131,1.911950719959998e-05,0.0024259999999999993,5.399588461684429e-05,9.300000000000001e-05,4.830458915396479e-06
OMP,1,64,2,0.001849,7.563802688536446e-05,0.000213,2.540778533354601e-05,0.001489,3.604010112206803e-05,0.000128,2.5733678754158374e-05
OMP,1,64,4,0.00124,6.666666666666671e-05,0.000201,2.998147576235848e-05,0.000932,4.709328803319829e-05,9.700000000000001e-05,6.7494855771055285e-06
OMP,1,64,8,0.002032,0.0014378131542960185,0.00019900000000000004,8.543353491977778e-05,0.001738,0.0014426118289023173,8.5e-05,1.080123449734643e-05
OMP,1,64,16,0.002306,0.000530035638214807,0.000181,2.0248456731316585e-05,0.00202,0.000520597946809457,9.400000000000001e-05,2.7162065049951155e-05
OMP,1,64,32,0.00273,0.0002674987019698517,0.000176,3.204163957519444e-05,0.0024509999999999996,0.00026425787069115324,9.2e-05,2.2997584414213783e-05
OMP,1,128,1,0.009158999999999999,0.00031224812071314136,0.000272,4.0221608343995614e-05,0.008570000000000001,0.00028620117244887715,0.000307,2.496664441476534e-05
OMP,1,128,2,0.006600999999999998,0.00038627710260899484,0.0005480000000000001,7.74309728439179e-05,0.0055850000000000006,0.00023922328017519063,0.00045299999999999995,0.00011738351199759226
OMP,1,128,4,0.003958000000000001,0.0003226212089191353,0.0004670000000000001,9.043720964784843e-05,0.003083,0.0001666033212954252,0.000402,0.00010901579905887241
OMP,1,128,8,0.006803999999999999,0.0043076319867571475,0.0011819999999999999,0.0013989980541643204,0.005212,0.0038528136904518663,0.00039700000000000005,6.783149055645992e-05
OMP,1,128,16,0.004194,0.0003978888733749107,0.00044799999999999994,7.69992784958982e-05,0.0033410000000000002,0.0002613830734977136,0.00039000000000000005,8.831760866327847e-05
OMP,1,128,32,0.004595,0.0001639274907458241,0.00041899999999999994,2.024845673131659e-05,0.003841,0.00013900039967968108,0.000327,1.567021236472422e-05
OMP,1,256,1,0.035993000000000004,0.0033015789152060723,0.0009600000000000001,0.0002048847914750575,0.033686,0.002968550712609323,0.001335,0.0002458206211402489
OMP,1,256,2,0.025308000000000004,0.001071217376010428,0.001908,0.0002984329442642387,0.021856999999999998,0.0008535422921240904,0.0015279999999999998,7.450577904505873e-05
OMP,1,256,4,0.016216,0.0017526880942014631,0.0018949999999999998,0.0002285825890132493,0.012644000000000002,0.001304114855200858,0.0016650000000000002,0.00045981276382651417
OMP,1,256,8,0.019338,0.0037553777735698205,0.002897,0.0012455882144593374,0.014823,0.003920130525037825,0.001604,0.0002709325459306143
OMP,1,256,16,0.012656999999999998,0.0010270351070489805,0.0016890000000000002,0.00020518013765686216,0.009424,0.0009340973063753999,0.001533,0.0002267671345969987
OMP,1,256,32,0.011575,0.00043826045021450684,0.0014519999999999997,6.613118276073194e-05,0.008764,0.00036185325448001397,0.0013459999999999998,7.290785661062575e-05
OMP,1,512,1,0.15771200000000002,0.019790682880812593,0.0043749999999999995,0.000812078950732145,0.147766,0.018418078196284337,0.005560999999999999,0.0008246406624841045
OMP,1,512,2,0.10206699999999999,0.001470366923216409,0.007271,0.0007350956098056599,0.08811300000000001,0.0012668951548306282,0.006672,0.0005504099482305086
OMP,1,512,4,0.06973399999999999,0.0036504800293173036,0.007797999999999999,0.0009648235302087342,0.054806,0.0031358365887129863,0.0071129999999999995,0.0010130487538997212
OMP,1,512,8,0.06284,0.007874089718112747,0.012437,0.003421439105925394,0.043940999999999994,0.0054948227147622025,0.006451000000000001,0.0004670581691110149
OMP,1,512,16,0.050409999999999996,0.0020337759081187983,0.006968,0.0006051960196681918,0.036383,0.0019453194539143903,0.007049999999999999,0.0006398437309218559
OMP,1,512,32,0.047588,0.004155349430419644,0.006497,0.0006024957353468244,0.033991999999999994,0.003089062425181249,0.007086,0.0009307249265432234
OMP,1,1024,1,0.5084480000000001,0.004099828722709695,0.012223000000000001,0.001682940878343621,0.478271,0.0026028721315756956,0.017945000000000003,0.0005055525030432874
OMP,1,1024,2,0.328566,0.01637568264904468,0.021921,0.002728864029021764,0.285686,0.013126325710825044,0.020948999999999995,0.0014319407964173817
OMP,1,1024,4,0.23753599999999997,0.023772977750191715,0.024556,0.0027801207008169818,0.18984400000000004,0.01816357722965875,0.023114000000000003,0.003215072834841123
OMP,1,1024,8,0.197797,0.03510641791594365,0.032973999999999996,0.007176286876465664,0.139743,0.02667554437640922,0.025067,0.0030306216817309593
OMP,1,1024,16,0.19157299999999997,0.02666758250510658,0.026538,0.002265106325686869,0.13983399999999996,0.023408492381090155,0.025183999999999995,0.001978783015447178
OMP,1,1024,32,0.19104800000000002,0.027167364326420106,0.027469,0.0023081567922863862,0.136714,0.023012483665272743,0.026847,0.0028824451425829433
OMP,1,2048,1,2.160438,0.29999960802937353,0.059316999999999995,0.011014905103742133,2.0227510000000004,0.2769975273235003,0.07836099999999999,0.020017391022142055
OMP,1,2048,2,1.2651240000000001,0.006856573812367566,0.081761,0.004325663597132299,1.1058489999999999,0.0064449384963878005,0.077504,0.0020514721001704574
OMP,1,2048,4,0.8708029999999999,0.00615048877913142,0.08344900000000002,0.002012132368077874,0.7069059999999999,0.005286303476385437,0.080435,0.0022808197843952743
OMP,1,2048,8,0.623553,0.014328205322990633,0.094253,0.0035957970836334257,0.446082,0.015044092085156441,0.083203,0.002206319459089176
OMP,1,2048,16,0.607916,0.043468491321620326,0.090059,0.004351652176664243,0.43262999999999996,0.03441140314876257,0.08521500000000001,0.0063184812697004615
OMP,1,2048,32,0.6031529999999999,0.01442410640405686,0.094639,0.007533227801620706,0.420041,0.011395339641956943,0.08846299999999999,0.004016601797539802
OMP,1,4096,1,8.017989,0.0470452629449085,0.20264100000000002,0.020981708144635573,7.536689000000001,0.0267171569720034,0.27864500000000003,0.006396509899069088
OMP,1,4096,2,5.37195,0.42041206944298487,0.34568200000000004,0.03013434836048575,4.678517,0.35379317272635064,0.34773699999999996,0.03904706050965223
OMP,1,4096,4,3.4595190000000002,0.04668628503104516,0.329362,0.03690187312318983,2.806327,0.01490742026270444,0.323816,0.0057934027613791425
OMP,1,4096,8,2.465998,0.07604881543383106,0.338928,0.01504019488644419,1.799474,0.05962422553887903,0.327583,0.00648866884139832
OMP,1,4096,16,2.322648,0.055513257235446783,0.3324789999999999,0.0054078717317135655,1.664024,0.05549720397361378,0.326132,0.004370135517858047
OMP,1,4096,32,2.331644,0.048542192918463616,0.349469,0.01073876617162738,1.648732,0.036215319594521525,0.3334309999999999,0.013620723956938217
OMP,1,8192,1,32.444567000000006,0.11722352172476003,0.85747,0.03100525869375493,30.128891999999997,0.07252493866863198,1.4581910000000002,0.06418659507855033
OMP,1,8192,2,20.522693,0.29404670026110585,1.294313,0.09573453272809485,17.482604000000002,0.23698941566613801,1.745765,0.10748092598224107
OMP,1,8192,4,14.110892000000002,0.11349156726382835,1.242332,0.0641525563360062,11.12619,0.02015832224059189,1.7423569999999997,0.12006211328123274
OMP,1,8192,8,10.090212,0.25755230022484943,1.242556,0.012316424625497214,7.107747999999999,0.09564419780275936,1.7398989999999999,0.17260049552201306
OMP,1,8192,16,9.858704,0.8960722735260938,1.279127,0.07975373401916673,6.824623,0.7479754701273447,1.75494,0.14726581846745315
OMP,1,8192,32,9.494015000000001,0.08242519238005337,1.27753,0.047821799306267176,6.468642000000001,0.056584744469394585,1.7478310000000004,0.12255557872519166
OMP,2,16,1,0.025111,0.07860333247812505,0.024931,0.07860684539741646,0.000161,5.676462121975471e-06,4.000000000000001e-06,5.163977794943223e-06
OMP,2,16,2,0.027132000000000007,0.06916289351957448,0.026885,0.06917934329616673,0.00023500000000000005,2.321398046197353e-05,3.0000000000000005e-06,4.83045891539648e-06
OMP,2,16,4,0.021216000000000002,0.06591030642724499,0.020924999999999992,0.06592119322848052,0.00026999999999999995,1.6329931618554523e-05,7.000000000000001e-06,4.83045891539648e-06
OMP,2,16,8,0.036747,0.07570229426289976,0.02505,0.07870920657712159,0.01168,0.012688286811946767,5e-06,5.2704627669473e-06
OMP,2,16,16,0.024249,0.07310524581420648,0.023204999999999996,0.07313118536043445,0.00103,9.93310961716756e-05,6e-06,5.163977794943223e-06
OMP,2,16,32,0.026812999999999997,0.07466642589990945,0.025049,0.07468559335269717,0.001753,0.00012684636376341266,2.0000000000000003e-06,4.216370213557839e-06
OMP,2,32,1,0.0007610000000000001,1.3703203194062934e-05,7.599999999999999e-05,6.992058987801015e-06,0.0006540000000000001,5.16397779494324e-06,2.4e-05,5.163977794943222e-06
OMP,2,32,2,0.0012040000000000002,0.0022592093012084266,0.0007939999999999999,0.002244381627283758,0.00038300000000000004,3.3015148038438355e-05,2.1000000000000002e-05,7.378647873726219e-06
OMP,2,32,4,0.000601,3.381321240777538e-05,8.7e-05,1.7669811040931432e-05,0.00048399999999999995,2.2211108331943576e-05,2e-05,0.0
OMP,2,32,8,0.000614,5.316640543300506e-05,8.099999999999999e-05,1.9692073983655903e-05,0.000506,3.373096170846271e-05,2e-05,0.0
OMP,2,32,16,0.001247,0.00019939073866824075,6.400000000000001e-05,5.16397779494322e-06,0.001156,0.00019619717972828594,1.9e-05,3.1622776601683796e-06
OMP,2,32,32,0.0021079999999999996,0.00031971515099816247,6.500000000000001e-05,5.2704627669472975e-06,0.002016,0.0003209776731591571,2e-05,0.0
OMP,2,64,1,0.002681,9.814388530225548e-05,0.00012800000000000002,3.8239014399199976e-05,0.0024590000000000002,8.033955715862793e-05,8.5e-05,7.071067811865477e-06
OMP,2,64,2,0.001503,0.00011185804495977127,0.000136,3.098386676965934e-05,0.0012820000000000002,7.46547609555702e-05,7.599999999999999e-05,1.3498971154211065e-05
OMP,2,64,4,0.001195,6.096447052723965e-05,0.000183,2.907843798341919e-05,0.000898,4.0496913462633205e-05,0.00010200000000000001,1.5491933384829664e-05
OMP,2,64,8,0.0014429999999999998,0.0006048884194626311,0.00016399999999999997,3.204163957519445e-05,0.001194,0.0005898059944686143,7.7e-05,6.749485577105532e-06
OMP,2,64,16,0.0016910000000000002,9.527154174603596e-05,0.000123,8.23272602348564e-06,0.001487,9.741663102366036e-05,7.199999999999999e-05,4.216370213557845e-06
OMP,2,64,32,0.002412,8.01110340575991e-05,0.00012400000000000003,5.163977794943215e-06,0.002206,8.154071920757687e-05,7.5e-05,5.270462766947306e-06
OMP,2,128,1,0.009817000000000001,0.00031895837415632175,0.00030000000000000003,5.477225575051661e-05,0.009188,0.0003110841258137965,0.000319,2.9608557321603294e-05
OMP,2,128,2,0.005915999999999999,0.00018142644668172201,0.00042100000000000004,8.900062421753628e-05,0.005154000000000001,0.0001242935593218283,0.00033,4.966554808583778e-05
OMP,2,128,4,0.003985,0.00022520361157553985,0.0004540000000000001,6.850790708621402e-05,0.003152,0.0001679153225752657,0.00036700000000000003,3.9454615277134145e-05
OMP,2,128,8,0.002518,0.000296453106653387,0.000447,1.5670212364724202e-05,0.001749,0.00027914353137966703,0.000313,6.749485577105549e-06
OMP,2,128,16,0.0038330000000000005,0.00024009488864937451,0.00035500000000000006,2.068278940998475e-05,0.0031940000000000002,0.00023604142762565124,0.000277,1.0593499054713802e-05
OMP,2,128,32,0.004419,0.00012050357302217671,0.000341,1.6633299933166182e-05,0.0037860000000000003,0.00011462014560179971,0.00028599999999999996,1.429840705968482e-05
OMP,2,256,1,0.042517,0.003939579926844991,0.0013859999999999999,0.0005270294109440192,0.039679000000000006,0.003483763769258761,0.001441,0.00020609868186542753
OMP,2,256,2,0.023354,0.000585874465127888,0.001619,0.00039568365591158245,0.020455000000000004,0.0002304705331851912,0.001271,9.243015380996259e-05
OMP,2,256,4,0.015333000000000003,0.0007835396891316008,0.001729,0.00022253339324944274,0.012268999999999999,0.0005927797042559551,0.0013249999999999998,5.562773089426202e-05
OMP,2,256,8,0.009325,0.0004116160562681903,0.001713,5.35516365555505e-05,0.006286999999999999,0.00036660757099535085,0.0013130000000000001,6.219146064997815e-05
OMP,2,256,16,0.008967,0.0006160456332303819,0.0011400000000000004,2.905932629027113e-05,0.006749,0.0006006191250146243,0.001069,4.863697724525601e-05
OMP,2,256,32,0.009625000000000002,0.00044888132556884623,0.001157,6.56675126849055e-05,0.007387,0.00045215656088964994,0.001071,6.488451279003325e-05
OMP,2,512,1,0.16168999999999997,0.023339239728643935,0.0038190000000000003,0.0007793651262405834,0.152202,0.021887991025014392,0.005654000000000001,0.0009945764034111314
OMP,2,512,2,0.090921,0.0030127154602524993,0.005176,0.000562537899957762,0.0807,0.00273838963220682,0.0050349999999999995,0.00015057297972153631
OMP,2,512,4,0.07189100000000001,0.0030244575271167755,0.007786000000000001,0.0008571295766166929,0.057551,0.0025151472234355536,0.006541,0.0005332176957970458
OMP,2,512,8,0.052797000000000004,0.012789166465758778,0.009869,0.003135848104314578,0.036895000000000004,0.009791280985312054,0.006016,0.0006149471522009025
OMP,2,512,16,0.03776600000000001,0.005087337657797488,0.005137000000000001,0.0005319576006496093,0.027416999999999997,0.004076218427251743,0.005202,0.0006164197703946018
OMP,2,512,32,0.040769,0.005189398273831412,0.005579000000000001,0.0005324670047158891,0.029290000000000004,0.003972477536472393,0.005886000000000001,0.0010148803979889561
OMP,2,1024,1,0.550263,0.015449417141109294,0.013764000000000002,0.002297260203904739,0.518159,0.013486876295948684,0.018330999999999997,0.0013046025363219935
OMP,2,1024,2,0.3364839999999999,0.007496790720775875,0.018824,0.001379631190652858,0.299365,0.00664382963524969,0.018283,0.0004204508162542782
OMP,2,1024,4,0.241166,0.02105764163222254,0.023034000000000002,0.0032763400990197047,0.19518399999999997,0.016538797618529194,0.022935,0.0025778942741875362
OMP,2,1024,8,0.19036499999999998,0.03747889280055582,0.030016000000000004,0.006156913368094619,0.13721499999999998,0.031048848341497844,0.023122,0.0018457506753501566
OMP,2,1024,16,0.16789499999999996,0.020883969530080555,0.023454,0.0015195920505188237,0.12123999999999999,0.01805038257520077,0.023190999999999996,0.0019198984348136761
OMP,2,1024,32,0.16006800000000002,0.022744864035645518,0.023023,0.0020930788061821483,0.11442700000000001,0.019048251042491485,0.022605,0.002022782736726809
OMP,2,2048,1,2.1643700000000003,0.00950938016440173,0.05540600000000001,0.002203215831460911,2.0386769999999994,0.009696184874016772,0.070272,0.0014459199301636513
OMP,2,2048,2,1.339828,0.03352540887148131,0.07408899999999999,0.009292759965574155,1.193811,0.029002880106024784,0.07191800000000001,0.0037393130682282067
OMP,2,2048,4,0.908971,0.024886348533550155,0.08167699999999999,0.0048044887576330336,0.742635,0.013939136152095922,0.08464899999999999,0.012933282173438332
OMP,2,2048,8,0.619842,0.040043545686054186,0.09473400000000001,0.0106252625588474,0.442856,0.03225044261539504,0.082238,0.0050103244516808585
OMP,2,2048,16,0.6233599999999999,0.09212329708964323,0.08878000000000001,0.008878996439788553,0.44206499999999993,0.07359337322975035,0.092502,0.015328149703513897
OMP,2,2048,32,0.521409,0.011119465864469883,0.08516,0.002600619584295674,0.36034200000000005,0.010056410669595563,0.075898,0.0015760414546155419
OMP,2,4096,1,10.083884,1.8498319405118337,0.25303600000000004,0.043353932847359215,9.47619,1.7472265524539163,0.354644,0.09119515766871736
OMP,2,4096,2,5.415449,0.0238989392837609,0.27752,0.004288563603093441,4.841635,0.023691647027779296,0.296282,0.006067777920201827
OMP,2,4096,4,3.519065,0.05712230703596544,0.29230300000000004,0.007981205770781506,2.922056,0.052667075357064316,0.304692,0.007526372595377166
OMP,2,4096,8,2.362426,0.06674674244235951,0.313116,0.030530559626562894,1.7374040000000002,0.036978923486524345,0.31189399999999995,0.03241636870471459
OMP,2,4096,16,2.1243380000000003,0.06004324733982255,0.311858,0.02036634304161867,1.524729,0.051575890674702744,0.287742,0.010002478359553372
OMP,2,4096,32,2.058832,0.0410341358708412,0.30911199999999994,0.009778387506241623,1.460754,0.020114995622393002,0.28895499999999996,0.015327478773612945
OMP,2,8192,1,34.406673,0.4006941100154981,0.845252,0.01441844559352129,32.120563000000004,0.3251603041936909,1.4408480000000001,0.100759188585679
OMP,2,8192,2,22.031225,0.2020091419410946,1.1127319999999998,0.01923735937065051,19.318308,0.13646362712785073,1.6001729999999998,0.10064288803597711
OMP,2,8192,4,14.329992999999998,0.22090560488085847,1.125434,0.02759044287027258,11.598055999999998,0.13738641791191278,1.606493,0.13395232344631675
OMP,2,8192,8,9.927945999999999,1.082017557376548,1.176196,0.20975714069158913,7.223719000000001,1.065009112673064,1.528023,0.14202525925967457
OMP,2,8192,16,8.675751000000002,0.19922344682681176,1.114509,0.06898077340019383,6.102456999999999,0.11521266375707143,1.4587709999999998,0.14626322348195847
OMP,2,8192,32,8.510881,0.15744111593792073,1.1143290000000001,0.048515140924137175,5.9466470000000005,0.06264073098942002,1.449895,0.10581883273364483
OMP,3,16,1,0.025331999999999986,0.07981869925719856,0.025290999999999998,0.07981553684033649,2.9000000000000007e-05,3.162277660168379e-06,4.000000000000001e-06,5.163977794943223e-06
OMP,3,16,2,0.024280000000000003,0.07621441945808767,0.024167,0.07621545979801093,9.999999999999998e-05,4.4221663871405334e-05,5e-06,5.2704627669473e-06
OMP,3,16,4,0.019562999999999997,0.061252264547706506,0.019417999999999998,0.0612364529780533,0.00013099999999999999,1.791957340762082e-05,1.0000000000000002e-06,3.1622776601683796e-06
OMP,3,16,8,0.03353799999999999,0.0840015457265189,0.027109999999999995,0.08551853366376204,0.006415000000000001,0.010656010562640744,2.0000000000000003e-06,4.216370213557839e-06
OMP,3,16,16,0.025274,0.07656452227442623,0.024296999999999996,0.0765914196021112,0.000963,0.00015405987292103172,3.0000000000000005e-06,4.83045891539648e-06
OMP,3,16,32,0.027600999999999997,0.08158680019191557,0.025883,0.08166300999296505,0.0017059999999999998,0.00026721610064598365,0.0,0.0
OMP,3,32,1,0.000181,2.514402955419481e-05,6.2e-05,1.4757295747452435e-05,8.9e-05,9.944289260117529e-06,2.1000000000000002e-05,3.162277660168379e-06
OMP,3,32,2,0.00023,8.164965809277256e-06,6.999999999999998e-05,0.0,0.00013799999999999997,6.324555320336754e-06,2e-05,0.0
OMP,3,32,4,0.00027899999999999995,1.3703203194062991e-05,7.7e-05,8.232726023485651e-06,0.000172,1.2292725943057191e-05,2.2e-05,6.324555320336759e-06
OMP,3,32,8,0.00034499999999999993,8.501633829904568e-05,6.899999999999998e-05,5.67646212197547e-06,0.000248,8.024961059095552e-05,2e-05,0.0
OMP,3,32,16,0.0009360000000000002,6.113736809658866e-05,7.1e-05,8.755950357709134e-06,0.0008400000000000001,5.637178175095921e-05,2e-05,0.0
OMP,3,32,32,0.0016810000000000002,0.00024333105021759972,6.699999999999999e-05,6.74948557710553e-06,0.0015859999999999995,0.00024744022847279036,2e-05,0.0
OMP,3,64,1,0.00048600000000000005,3.3730961708462734e-05,9.1e-05,1.2866839377079185e-05,0.00031299999999999996,1.4944341180973286e-05,7.599999999999998e-05,8.432740427115682e-06
OMP,3,64,2,0.000542,4.3665394383500815e-05,0.00015999999999999999,2e-05,0.00026799999999999995,2.1499353995462794e-05,0.00010499999999999999,1.779513042005218e-05
OMP,3,64,4,0.000545,8.12745689349107e-05,0.00014399999999999998,1.6465452046971313e-05,0.00031999999999999997,8.498365855987973e-05,7.5e-05,5.270462766947306e-06
OMP,3,64,8,0.0008150000000000001,0.0007502629168794393,0.000149,1.1972189997378656e-05,0.0005849999999999999,0.0007501740538775727,7.199999999999999e-05,4.216370213557846e-06
OMP,3,64,16,0.001041,6.556591255285696e-05,0.000123,4.830458915396458e-06,0.0008369999999999999,6.183310871477621e-05,7.599999999999999e-05,5.163977794943227e-06
OMP,3,64,32,0.0018280000000000002,0.0001410122138130044,0.000122,4.216370213557833e-06,0.001617,0.00014118939211018813,7.9e-05,2.1832697191750418e-05
OMP,3,128,1,0.001708,7.814516406449389e-05,0.000218,2.8205594401741554e-05,0.0012,5.270462766947293e-05,0.00028699999999999993,1.3374935098492582e-05
OMP,3,128,2,0.001446,8.527081042837053e-05,0.000364,4.623610902506588e-05,0.000764,6.022181221672647e-05,0.000309,1.5238839267549956e-05
OMP,3,128,4,0.0015320000000000002,0.00014793391918165507,0.000391,6.590397054300546e-05,0.000801,4.557045826702503e-05,0.00033199999999999994,5.432413009990231e-05
OMP,3,128,8,0.001506,0.00021412353651312804,0.000498,0.00021549941995281568,0.000699,8.75595035770915e-06,0.00030199999999999997,3.552776691859795e-05
OMP,3,128,16,0.0018660000000000003,0.0003189287625090524,0.0004320000000000001,0.0003190541577155132,0.0011179999999999999,2.820559440174156e-05,0.000303,1.3374935098492604e-05
OMP,3,128,32,0.002379,0.00011618471882691323,0.00034100000000000005,7.3786478737262125e-06,0.001731,0.0001256494241044414,0.000298,1.0327955589886443e-05
OMP,3,256,1,0.0062629999999999995,0.0003230428248184235,0.000728,9.065195959149354e-05,0.004472,0.00023672769166280486,0.001059,4.332051092342599e-05
OMP,3,256,2,0.005307000000000001,0.00044562191248735596,0.00135,0.00018672618098881222,0.0026449999999999998,0.00016242947187420566,0.001303,0.00019408188420812949
OMP,3,256,4,0.005091,0.00017168770097670562,0.001404,0.000147738507731284,0.002547,0.00012789318459818997,0.001132,3.047767853509983e-05
OMP,3,256,8,0.006095,0.0014500593857570876,0.001781,0.0006870298392355312,0.0031420000000000003,0.0013763623553895005,0.0011630000000000002,0.00010573026477262268
OMP,3,256,16,0.004746,0.0003211161091498769,0.001369,0.00015821574581002438,0.0020280000000000003,0.00015090836071382301,0.001339,0.00023411535618152006
OMP,3,256,32,0.005118,0.0004656608207697959,0.001269,0.0001357653203959767,0.00267,0.000487396712704913,0.00117,5.7348835113617514e-05
OMP,3,512,1,0.029387999999999997,0.0018238165112386367,0.003444,0.0003967422897101399,0.020907000000000002,0.0013498152136907915,0.005026,0.00047535250078231434
OMP,3,512,2,0.020469,0.0006967934493887778,0.0052049999999999996,0.00033899360859264996,0.010434999999999998,0.0006330569572409033,0.0048189999999999995,0.00023834848436690318
OMP,3,512,4,0.019126,0.0005802336694049312,0.004997,0.00044327192557165184,0.009531,0.00022752045085124874,0.004588,0.00010400854665736743
OMP,3,512,8,0.027499000000000003,0.004448301673422992,0.008608000000000001,0.0024398897971470396,0.013293,0.0031747932566109274,0.005587000000000001,0.00043982445993322774
OMP,3,512,16,0.017621,0.0013002773208477918,0.005267000000000001,0.00025219260716981994,0.006840000000000001,0.0005147815070493497,0.005505000000000001,0.0009795038426559533
OMP,3,512,32,0.015906,0.0007329120001746467,0.005285,0.00029553153620026553,0.005446000000000001,0.00044612404851864516,0.005163,0.00023285904176847716
OMP,3,1024,1,0.11698300000000002,0.02045165956319655,0.013205,0.003235580833997712,0.08369,0.015362798500851914,0.020077,0.002329816635607949
OMP,3,1024,2,0.07760800000000001,0.005469344466102764,0.018987999999999998,0.0022215099969765317,0.039732,0.0028644945258961287,0.018879,0.0012608854913203752
OMP,3,1024,4,0.091887,0.009315722730953305,0.024322,0.00258055463461292,0.045731999999999995,0.004902366322048522,0.02182,0.002086331176438145
OMP,3,1024,8,0.09720000000000001,0.004215194736505853,0.029857,0.0023082367007451095,0.043393999999999995,0.0024794049465323106,0.023932000000000002,0.001497188476222462
OMP,3,1024,16,0.07572499999999999,0.0028497378047033645,0.023196,0.0011820904270730631,0.028814,0.002233498501355118,0.023704999999999997,0.0016928033947666025
OMP,3,1024,32,0.065827,0.0021046564776440128,0.022578,0.0007320109288801637,0.019764,0.0010297702009024474,0.023475,0.001745758351611763
OMP,3,2048,1,0.38268900000000006,0.0204510523771598,0.044067,0.006296205294549339,0.272741,0.014142920844012375,0.065871,0.0009793472883053843
OMP,3,2048,2,0.278848,0.012248271351954568,0.067903,0.008986774294607728,0.145079,0.0066183070174915416,0.065856,0.0011864906236460498
OMP,3,2048,4,0.29325900000000005,0.02976793183201606,0.072501,0.007580339262416512,0.148955,0.014773031923820594,0.07179200000000001,0.007827992221650593
OMP,3,2048,8,0.274259,0.01708644651308293,0.07648999999999999,0.003508095399691033,0.123557,0.007884711014220992,0.0742,0.00768404552013817
OMP,3,2048,16,0.233535,0.022126093318874794,0.076995,0.008317021702508665,0.083338,0.00859549597819178,0.07319,0.007233184330262545
OMP,3,2048,32,0.21631099999999998,0.022379753473967385,0.07844500000000001,0.008061943865401752,0.06329500000000002,0.008258673891397119,0.07455899999999999,0.006792033650616815
OMP,3,4096,1,1.590091,0.060676818830038656,0.192939,0.023229334639153523,1.1313889999999998,0.04828415899650733,0.26575400000000005,0.00434618657880421
OMP,3,4096,2,1.136633,0.04075712536204893,0.267808,0.012307343607239826,0.597925,0.02818484551433033,0.270892,0.006215365905023864
OMP,3,4096,4,1.137711,0.08434897331259514,0.28174299999999997,0.03489440071288101,0.5786619999999999,0.04312511147811676,0.277296,0.009026764155061932
OMP,3,4096,8,1.055469,0.06958215072048925,0.282378,0.024402344058625916,0.4929340000000001,0.04319998899176815,0.28014700000000003,0.0044157471998896546
OMP,3,4096,16,0.893796,0.011735141148609102,0.28267,0.004248788062495007,0.328329,0.00540825182270369,0.282778,0.006350864857989381
OMP,3,4096,32,0.8094779999999998,0.01548605236261901,0.29112,0.005084053500898672,0.23849500000000004,0.009282894962719819,0.27985399999999994,0.00926429490031485
OMP,3,8192,1,6.6680660000000005,0.07417737978057141,0.8215349999999999,0.03633773987040043,4.546237,0.08147373278820859,1.300283,0.05381112690595592
OMP,3,8192,2,4.998976000000001,0.1669208742155662,1.0960940000000001,0.10015649778665829,2.478423,0.07140188871607123,1.42445,0.1182092426354405
OMP,3,8192,4,4.81751,0.12098850450444552,1.0835829999999997,0.03408389096528354,2.28096,0.028695460732782754,1.452959,0.11062380168340304
OMP,3,8192,8,4.385702,0.10935883836658512,1.0647140000000004,0.009856701273752837,1.9088370000000001,0.016114331130325548,1.4121409999999999,0.12076167819764307
OMP,3,8192,16,3.8645519999999998,0.12378050751228958,1.081984,0.04476110047301736,1.373085,0.033238713790464905,1.409478,0.09490144640040467
OMP,3,8192,32,3.546051,0.09245427151360351,1.090795,0.02007669253969223,1.038213,0.025738593611755758,1.4170339999999997,0.100738634340996
PTH,0,16,1,0.000768,0.000226950802304523,0.00021099999999999998,0.00020420305798123805,0.0004900000000000001,0.00010208928554075702,4.000000000000001e-05,1.1547005383792516e-05
PTH,0,16,2,0.00046100000000000004,3.446415206816755e-05,9e-05,1.0540925533894595e-05,0.000323,2.3118054512532944e-05,3.5000000000000004e-05,7.0710678118654756e-06
PTH,0,16,4,0.0005580000000000001,5.245103536738917e-05,0.00010200000000000001,1.3165611772087658e-05,0.000401,4.148627617792553e-05,3.800000000000001e-05,7.888106377466155e-06
PTH,0,16,8,0.007505999999999999,0.007612338230355594,0.005907999999999999,0.007743071167896567,0.0015379999999999999,0.0028588412571063358,4.300000000000001e-05,1.828782229912694e-05
PTH,0,16,16,0.008704,0.008342287456087808,0.007122000000000001,0.008664498190252503,0.001529,0.002016264147157091,3.800000000000001e-05,4.216370213557839e-06
PTH,0,16,32,0.001369,9.814388530225521e-05,6.400000000000001e-05,1.4298407059684809e-05,0.001267,9.333928552448978e-05,3.0000000000000004e-05,0.0
PTH,0,32,1,0.001317,0.00014000396819773044,0.000172,7.004760286167305e-05,0.001064,8.707595662536367e-05,6.6e-05,2.170509412813294e-05
PTH,0,32,2,0.0007740000000000001,5.189733454940949e-05,0.000108,1.751190071541826e-05,0.000601,4.67736868097628e-05,5.2000000000000004e-05,6.324555320336755e-06
PTH,0,32,4,0.000762,3.645392830531282e-05,0.00012500000000000003,9.71825315807549e-06,0.000556,3.3065591380365945e-05,6.8e-05,1.5491933384829667e-05
PTH,0,32,8,0.0008049999999999999,6.450667493454542e-05,0.00010300000000000001,1.418136492412176e-05,0.000634,5.3374983736661596e-05,5.8e-05,1.032795558988644e-05
PTH,0,32,16,0.001065,0.00018780900463561976,8.2e-05,1.1352924243950937e-05,0.0009209999999999999,0.00018758405523332147,5.300000000000001e-05,4.83045891539648e-06
PTH,0,32,32,0.0012920000000000002,9.484490263348663e-05,6.9e-05,5.676462121975468e-06,0.0011699999999999998,0.00010011104945120808,4e-05,0.0
PTH,0,64,1,0.003948999999999999,0.0002947861748605061,0.00025800000000000004,7.004760286167305e-05,0.003521,0.00022298231120676615,0.000151,2.8067379246694518e-05
PTH,0,64,2,0.0020779999999999996,0.00011764352935882203,0.000213,2.3593784492248515e-05,0.001729,9.53880961592635e-05,0.00012399999999999998,1.8378731669453627e-05
PTH,0,64,4,0.0016530000000000004,0.00010530906893520615,0.00023600000000000002,4.060651288757616e-05,0.001267,9.298147963737487e-05,0.00013499999999999997,1.1785113019775796e-05
PTH,0,64,8,0.0015110000000000002,0.00021992170323902903,0.00020500000000000002,3.171049598406741e-05,0.0011589999999999999,0.00019214866929310526,0.00013700000000000002,2.79085809185793e-05
PTH,0,64,16,0.0015620000000000002,0.0001193314711214104,0.000163,1.6363916944844776e-05,0.001258,0.00011003029885748138,0.00012900000000000002,2.4244128727957574e-05
PTH,0,64,32,0.001653,0.0001046740974007737,0.000144,4.5752959831395975e-05,0.001397,0.00010349986580774981,0.000101,3.1622776601683788e-06
PTH,0,128,1,0.015368000000000001,0.0011717963418046108,0.0006370000000000001,0.0001371171437534749,0.014202000000000001,0.0010894218650275018,0.0005099999999999999,0.00011254628677422755
PTH,0,128,2,0.0063820000000000005,0.0007615014408682655,0.0006230000000000001,0.000566628430082517,0.005386,0.00044639792910710426,0.000363,7.484057129065162e-05
PTH,0,128,4,0.0053089999999999995,0.0013012681848446497,0.000617,0.00014537690478354687,0.003793,0.00019647165472686174,0.0008849999999999998,0.0012545494986027632
PTH,0,128,8,0.003496,0.00019044976007102525,0.0005030000000000001,0.00010100055005350768,0.0025740000000000003,0.00017846256999407158,0.0004090000000000001,2.8848262031225066e-05
PTH,0,128,16,0.003673,0.0004829550243610222,0.000454,7.026932316294057e-05,0.002809,0.0003751873606020805,0.00039500000000000006,9.857315388414164e-05
PTH,0,128,32,0.0034360000000000003,0.0004216686429466206,0.00035500000000000006,2.3687784005919825e-05,0.002738,0.0004227371129516152,0.00033,1.563471919941142e-05
PTH,0,256,1,0.058743000000000004,0.004924404194079388,0.00223,0.0004950420857529862,0.054725,0.0044478965065897534,0.001774,0.00041102041041507633
PTH,0,256,2,0.023332,0.0009489971314790975,0.001449,7.6804224420854e-05,0.020526,0.0007905581713082364,0.0013469999999999999,0.0002572957658242963
PTH,0,256,4,0.015516000000000002,0.00046051179258636935,0.001592,0.00017643380880344027,0.012384999999999998,0.0003514493799491856,0.001519,0.00014169215456992198
PTH,0,256,8,0.012052,0.0012972261003986769,0.001594,0.00010895462868144288,0.008873,0.0012447494169956902,0.0015689999999999999,0.00018597789593867813
PTH,0,256,16,0.011472,0.000741556920719285,0.0015609999999999999,0.00018363308827962102,0.008331,0.0006362991958714602,0.001567,0.0002449965986158448
PTH,0,256,32,0.009705999999999998,0.0005009590801652368,0.001275,6.240548408949681e-05,0.007098999999999999,0.0005101731732134359,0.001321,0.0001870502012235693
PTH,0,512,1,0.216894,0.015666088074422255,0.006703999999999999,0.0008128167758548727,0.203728,0.015082372934433536,0.006441999999999999,0.0007338452758510401
PTH,0,512,2,0.09382100000000002,0.0008919199017350808,0.005305,0.00033981203954866344,0.08316599999999999,0.0007565447772604071,0.005339,0.0008399662691640262
PTH,0,512,4,0.07042699999999999,0.004449242257583486,0.008062999999999999,0.0016284556419435493,0.055952,0.003653493913745824,0.006395,0.00048619269156717417
PTH,0,512,8,0.051819000000000004,0.0019409759858838485,0.006246,0.0002983361266163462,0.039027,0.0019365837618514374,0.006529999999999999,0.0005448547206977901
PTH,0,512,16,0.050137,0.003920980744660703,0.006588000000000001,0.0005190332894483317,0.03718,0.003662540102169531,0.006353,0.000544059841479879
PTH,0,512,32,0.047266,0.003722207230483906,0.006092,0.00035408097002427726,0.034822,0.0034280016854656833,0.006335,0.0007029343259982875
PTH,0,1024,1,0.9017599999999998,0.07336753126856893,0.029148,0.004047497992587518,0.8452080000000001,0.07020417521613495,0.027385000000000003,0.001963094212942641
PTH,0,1024,2,0.33968699999999996,0.0170237723003256,0.020641000000000003,0.0019080033193542053,0.300432,0.013951567653851651,0.018602,0.001994953633546405
PTH,0,1024,4,0.238554,0.02593032724651021,0.023575,0.004622008341739673,0.19419899999999998,0.020825359247268173,0.020767,0.0014900861272646852
PTH,0,1024,8,0.181946,0.03336905659106617,0.024793999999999997,0.0028730053950523655,0.132441,0.02685405264263353,0.024697,0.004265028461543696
PTH,0,1024,16,0.20169,0.07533377595740175,0.048386,0.07484061615638038,0.128741,0.029444396731617535,0.024548999999999998,0.0042600011737087586
PTH,0,1024,32,0.183365,0.03175455671588287,0.024090999999999998,0.0020691944218839253,0.13555,0.027771105687586718,0.023708,0.0021676295296424097
PTH,0,2048,1,3.535979,0.17555695704117114,0.131,0.019183856639256754,3.2936730000000005,0.16582045431061207,0.111286,0.013279698959104627
PTH,0,2048,2,1.435856,0.10267693165133703,0.087087,0.013783555459717609,1.273279,0.08307813209396449,0.075477,0.00890268505065248
PTH,0,2048,4,0.986486,0.08112831855222387,0.09515599999999999,0.012862465808182611,0.797433,0.0637012321614652,0.093883,0.019048664024311813
PTH,0,2048,8,0.6236059999999999,0.018602988529325664,0.090586,0.0023743593287921306,0.4528899999999999,0.017087823474951736,0.080115,0.0019292384795849117
PTH,0,2048,16,0.623816,0.028403708365086603,0.09042800000000002,0.002841763145967266,0.450976,0.020374413256718727,0.082402,0.005763653933631572
PTH,0,2048,32,0.612658,0.05122761251946499,0.09001200000000001,0.004218909285058823,0.4420450000000001,0.04477361530832391,0.080589,0.0034952489976474584
PTH,0,4096,1,13.791535999999999,0.28131181233641783,0.49646100000000004,0.026636290803671914,12.701924000000002,0.25071863974494546,0.593131,0.049375219256897175
PTH,0,4096,2,5.653417,0.14610273851338695,0.342057,0.021272314845566017,4.971629,0.12742297311186337,0.339718,0.023332560368149336
PTH,0,4096,4,3.7788700000000004,0.24533613879736518,0.385174,0.03485781920889485,3.021555,0.1875931493211365,0.372125,0.039054263745033874
PTH,0,4096,8,2.5430420000000002,0.10512158894452762,0.351023,0.026329530970207408,1.8734619999999995,0.07346975988648508,0.3185429999999999,0.009492461394882428
PTH,0,4096,16,2.494013,0.10760930794623051,0.34332599999999996,0.02024899734143234,1.8450099999999998,0.09198532648683096,0.305664,0.006685847739815794
PTH,0,4096,32,2.38922,0.027351554089504876,0.33057299999999995,0.004558106453829749,1.752844,0.022239284660757974,0.30579,0.006174956590040823
PTH,0,8192,1,52.951247,6.542753110703729,1.9045039999999998,0.340533786843864,48.527613,5.911949168509955,2.519109,0.3889881125133088
PTH,0,8192,2,23.091922000000004,0.99451520184795,1.425971,0.06781730120945048,19.991476,0.9517937187483891,1.674458,0.1966093652002479
PTH,0,8192,4,15.606086000000001,0.6068665918232042,1.5442,0.1726914440394904,12.215395000000001,0.3947762993068916,1.846478,0.15967216627967581
PTH,0,8192,8,12.070738,2.06513948894392,1.4738760000000002,0.3750224637182863,8.663912,1.5155650080327576,1.9329369999999997,0.30561153621513987
PTH,0,8192,16,10.173554,0.20358727318878347,1.24032,0.05272668183925263,7.259144000000001,0.12436965816110922,1.6740680000000001,0.05620623547851846
PTH,0,8192,32,10.336188,0.1433121766401356,1.2498609999999999,0.029132946011918057,7.326734999999999,0.0773719447072242,1.759579,0.09999329626974436
PTH,1,16,1,0.000525,3.865804501581066e-05,8.4e-05,1.7763883459298972e-05,0.000394,3.204163957519443e-05,3.4000000000000007e-05,5.163977794943224e-06
PTH,1,16,2,0.00055,8.981462390204986e-05,0.000101,2.024845673131659e-05,0.0003960000000000001,8.834276679187971e-05,3.8e-05,6.324555320336761e-06
PTH,1,16,4,0.0005650000000000001,5.060742150229659e-05,8.8e-05,1.5491933384829674e-05,0.00043099999999999996,5.466056876558985e-05,3.3e-05,4.830458915396483e-06
PTH,1,16,8,0.0006669999999999998,0.00025006887940014536,7.700000000000001e-05,1.4181364924121776e-05,0.000544,0.0002416701149179278,3.4000000000000007e-05,5.163977794943224e-06
PTH,1,16,16,0.001303,0.00032978275677583073,8.599999999999999e-05,1.8378731669453634e-05,0.0011700000000000002,0.00032920780333670367,3.100000000000001e-05,3.1622776601683805e-06
PTH,1,16,32,0.0045260000000000005,0.004825928120291704,0.002784,0.004908315393289228,0.001696,0.00025263940046371756,3.4000000000000007e-05,5.1639777949432234e-06
PTH,1,32,1,0.0010299999999999999,5.617433182117577e-05,0.00010000000000000002,3.2317865716108856e-05,0.0008669999999999999,4.1912607490666395e-05,5.2000000000000004e-05,4.21637021355784e-06
PTH,1,32,2,0.0009189999999999999,8.359292899389147e-05,0.000147,3.5605867181937555e-05,0.0006839999999999999,6.113736809658867e-05,6.900000000000001e-05,1.3703203194062978e-05
PTH,1,32,4,0.000792,7.375635565834307e-05,0.000107,2.540778533354601e-05,0.0006079999999999999,5.921711464320656e-05,5.6000000000000006e-05,9.660917830792956e-06
PTH,1,32,8,0.0007050000000000001,3.922867431979941e-05,7.8e-05,1.032795558988645e-05,0.000569,2.8460498941515438e-05,4.800000000000001e-05,6.324555320336759e-06
PTH,1,32,16,0.0019290000000000002,0.000962617381009829,0.00010600000000000002,2.4129281427805145e-05,0.0017579999999999998,0.0009438314350442974,5.2000000000000004e-05,4.216370213557839e-06
PTH,1,32,32,0.004319,0.006476980520787958,0.002056,0.006206547080838642,0.002199,0.0021009069470112186,5.1000000000000006e-05,7.378647873726214e-06
PTH,1,64,1,0.0030280000000000003,8.547904226573116e-05,0.00017900000000000001,2.5144029554194817e-05,0.002706,5.6015870766933403e-05,0.00013199999999999998,1.988857852023506e-05
PTH,1,64,2,0.0021190000000000002,0.00010535126429658492,0.00022100000000000006,2.5582111805799858e-05,0.001726,9.834180754445749e-05,0.000158,2.7808871486152295e-05
PTH,1,64,4,0.0014680000000000001,7.554248252914827e-05,0.00017900000000000001,2.0248456731316575e-05,0.0011459999999999999,7.042726744663596e-05,0.00013299999999999998,2.1628170930011112e-05
PTH,1,64,8,0.0010659999999999999,6.310485101972921e-05,0.00014499999999999997,1.0801234497346446e-05,0.000795,4.9046463231873864e-05,0.00011399999999999999,1.4298407059684805e-05
PTH,1,64,16,0.0017829999999999999,0.0007235107309347786,0.00015599999999999997,1.8973665961010292e-05,0.0015010000000000002,0.000723946744511562,0.000115,7.0710678118654756e-06
PTH,1,64,32,0.0020740000000000003,0.0006501316106075071,0.000155,1.5092308563562368e-05,0.001796,0.0006405240909685685,0.000113,8.232726023485643e-06
PTH,1,128,1,0.009447,0.00032795833068648687,0.000391,4.4584501542327226e-05,0.008728000000000001,0.0002940068026423887,0.00031499999999999996,2.068278940998476e-05
PTH,1,128,2,0.006906999999999999,0.0004561201108869851,0.0006470000000000001,0.0003055795950139487,0.00577,0.00025595138427269947,0.000478,8.456424250894173e-05
PTH,1,128,4,0.0037469999999999995,0.00019172028235600605,0.000438,4.565571644870381e-05,0.0029190000000000006,0.00014247416919880215,0.00037700000000000006,2.451756739791106e-05
PTH,1,128,8,0.0029909999999999997,0.00048248085742107726,0.000447,8.152027695951207e-05,0.0020900000000000003,0.00038810078874207686,0.000442,7.16162613439775e-05
PTH,1,128,16,0.0031779999999999994,0.0004190942614734781,0.000451,6.723920813863821e-05,0.002346,0.0003735773012376421,0.0003710000000000001,1.1005049346146107e-05
PTH,1,128,32,0.003631999999999999,0.0002794359397866431,0.0004180000000000001,5.329165037789692e-05,0.0028399999999999996,0.00028487814158962,0.00036300000000000004,8.232726023485646e-06
PTH,1,256,1,0.037555,0.0035341516348025848,0.001429,0.00022673773395709846,0.034773000000000005,0.0033345632730872295,0.001343,0.0001683283827654874
PTH,1,256,2,0.025337,0.000560714821554694,0.001756,0.0002381969306640574,0.021888,0.0004274679975026071,0.001679,0.0002726597391133009
PTH,1,256,4,0.014351,0.0011115199803272394,0.001572,0.00017119190011991416,0.011103,0.0008809849286136764,0.001663,0.00026115342446751704
PTH,1,256,8,0.011184,0.0005265231872070468,0.0017490000000000001,0.00021537822029578057,0.007814999999999999,0.0005614712815451918,0.0016059999999999998,0.00021613781611637425
PTH,1,256,16,0.010812999999999998,0.0012808161460568803,0.0016800000000000003,0.00017352553446427154,0.007558,0.0011170775363519854,0.0015600000000000002,0.00020880613017821095
PTH,1,256,32,0.010047,0.0009322857215825337,0.001539,0.00022118117259638337,0.007098999999999999,0.0009050408216698788,0.001395,7.735200923914854e-05
PTH,1,512,1,0.15958800000000004,0.021679536587913183,0.005451,0.0008329259003990423,0.14819600000000002,0.019765048950103822,0.005928,0.001395570771325402
PTH,1,512,2,0.10225900000000002,0.0029054028215646024,0.006494999999999999,0.0005251296136299221,0.088318,0.0025208631678675323,0.007428,0.0012612938683043782
PTH,1,512,4,0.061316,0.0023216574539180693,0.006964999999999999,0.000779376531451761,0.047327999999999995,0.0014300722592465987,0.007004000000000001,0.0008121193125260463
PTH,1,512,8,0.045641,0.002833891905724938,0.006529999999999999,0.0002858904218985542,0.032429,0.00269088358061891,0.006668,0.0005967467357821635
PTH,1,512,16,0.045948,0.0025609277832674454,0.006775000000000001,0.0006544590641641895,0.032205,0.0017239054498434652,0.006952,0.0009478373043700884
PTH,1,512,32,0.044669999999999994,0.002474824348424663,0.006666,0.0006513439098424797,0.03164499999999999,0.0015257948748111589,0.006343,0.0006928371622057622
PTH,1,1024,1,0.520795,0.020961679454556008,0.018448,0.0017272444335800685,0.484506,0.020433469928852827,0.017832999999999998,0.0004956712620275662
PTH,1,1024,2,0.331747,0.017461261281922196,0.021665999999999998,0.0030819697885893973,0.288783,0.013964400014958646,0.021283999999999997,0.0013420233480333588
PTH,1,1024,4,0.209652,0.02129116707828755,0.022725000000000002,0.002384026705666976,0.16455799999999998,0.016746905385772032,0.022355000000000003,0.0022196959251212754
PTH,1,1024,8,0.163181,0.025684361627695218,0.024992,0.0021105175773834346,0.113175,0.020762557779704198,0.024999,0.003122045091851741
PTH,1,1024,16,0.174554,0.02479210949744563,0.026194000000000002,0.002012837687334861,0.12260599999999999,0.021742551828154856,0.025734,0.002327651176615602
PTH,1,1024,32,0.179526,0.02816787776488988,0.025865,0.0020905249207900972,0.12715500000000002,0.02289258261727777,0.026489000000000002,0.0034540650769138022
PTH,1,2048,1,2.1889639999999995,0.4033461280945794,0.077012,0.01805186404656194,2.0355269999999996,0.3658959936329812,0.07641200000000001,0.020078399006560922
PTH,1,2048,2,1.2676149999999997,0.004436122556166976,0.081997,0.0033014846828527174,1.108202,0.0031106083720784383,0.077402,0.0011165004851469331
PTH,1,2048,4,0.7833840000000001,0.004246408155397001,0.08536099999999999,0.0014446025981794018,0.6186250000000001,0.002431374782573307,0.07938699999999999,0.0026493523317554016
PTH,1,2048,8,0.553651,0.01024088912155583,0.09226100000000001,0.005709994064990105,0.38083600000000006,0.0056243482585392034,0.080541,0.0018344024155626895
PTH,1,2048,16,0.575384,0.0376697353322266,0.09273,0.004426034091348347,0.39887400000000006,0.030924694986369742,0.08376800000000001,0.005631229982083052
PTH,1,2048,32,0.5914919999999999,0.03908929884820709,0.098844,0.012546365742051894,0.405673,0.020407773600599678,0.08696000000000001,0.010201069660688641
PTH,1,4096,1,8.134106,0.03861359121691037,0.276175,0.004064825402837816,7.577019,0.0371779529799284,0.28089700000000006,0.0047285516927608184
PTH,1,4096,2,5.357963,0.36424307863629296,0.354586,0.03729217797042401,4.655475,0.31769122025604957,0.34788600000000003,0.03527447934886261
PTH,1,4096,4,3.183794,0.07314600364263855,0.33021100000000003,0.005933244287721328,2.533607,0.07703444944381127,0.3199580000000001,0.009193145755881873
PTH,1,4096,8,2.2799799999999997,0.06594363872951566,0.34641299999999997,0.004002807486974344,1.600298,0.043363090757001996,0.333253,0.023426824155228555
PTH,1,4096,16,2.236109,0.010773907214500536,0.345263,0.005290902149497349,1.569778,0.009324569456846524,0.32105700000000004,0.007743877940383331
PTH,1,4096,32,2.30424,0.08356508707455387,0.349271,0.004724208222901844,1.6258299999999999,0.07383609897002356,0.32912700000000006,0.009431088130928135
PTH,1,8192,1,32.786405,0.17327873859767162,1.1155769999999998,0.03486432434770852,30.192744000000005,0.1219714165240723,1.478067,0.030492267526192468
PTH,1,8192,2,20.627512000000003,0.3861728649423441,1.2587249999999999,0.03558416946714746,17.592267000000003,0.3324603701044681,1.7765080000000002,0.058027929252501574
PTH,1,8192,4,13.059929,0.06416298005859787,1.248897,0.013573641982410812,10.060014999999998,0.026220535315324665,1.751,0.05909805975382494
PTH,1,8192,8,9.44239,0.08668981703624626,1.2773510000000001,0.021274783952421796,6.414953,0.015669443760956612,1.750073,0.08547641871689918
PTH,1,8192,16,9.530842999999999,0.20195445663977551,1.2897399999999999,0.03636531405978325,6.472111000000001,0.10414436235341783,1.768978,0.10722150704654984
PTH,1,8192,32,9.358236000000002,0.06926157668176823,1.2724309999999999,0.007816861333752227,6.390500000000001,0.03341543422498643,1.69529,0.077694969092099
PTH,2,16,1,0.000564,5.7387571244419576e-05,8.700000000000001e-05,1.7029386365926404e-05,0.00042899999999999997,5.363456596884759e-05,3.3e-05,4.8304589153964825e-06
PTH,2,16,2,0.005708,0.005353781218291734,0.005281,0.005341097369559097,0.00038200000000000007,4.2110964526276693e-05,3.2000000000000005e-05,4.216370213557841e-06
PTH,2,16,4,0.000613,0.0002344757746311736,8.3e-05,2.1108186931983417e-05,0.000481,0.00022357946635990028,3.2000000000000005e-05,4.216370213557839e-06
PTH,2,16,8,0.0021130000000000003,0.0045197149615139815,0.0015179999999999998,0.004529959038323513,0.0005499999999999999,0.0001946506842754191,3.3e-05,4.830458915396483e-06
PTH,2,16,16,0.009191999999999999,0.013628756199872223,0.008034,0.013495830796541906,0.0011179999999999999,0.00029487473800091985,2.8000000000000003e-05,4.216370213557838e-06
PTH,2,16,32,0.008508,0.015879111226178036,0.0069399999999999965,0.015816518088518864,0.0015249999999999999,0.0005750797046207306,3.5000000000000004e-05,1.2692955176439845e-05
PTH,2,32,1,0.0010609999999999999,3.414023367751829e-05,9.4e-05,1.2649110640673517e-05,0.0009049999999999999,2.8382310609877344e-05,5.400000000000001e-05,9.66091783079296e-06
PTH,2,32,2,0.0006560000000000001,4.4771022374348856e-05,6.900000000000001e-05,1.286683937707919e-05,0.000538,3.966526608171602e-05,4.2000000000000004e-05,1.0327955589886443e-05
PTH,2,32,4,0.0007790000000000001,5.665686189686116e-05,9.800000000000002e-05,2.573367875415837e-05,0.0006199999999999999,5.7154760664940875e-05,5.2000000000000004e-05,4.216370213557838e-06
PTH,2,32,8,0.000658,2.3475755815545344e-05,7.3e-05,1.0593499054713804e-05,0.00053,2.7487370837451072e-05,4.3e-05,6.749485577105527e-06
PTH,2,32,16,0.000823,0.0001655328097722959,6.3e-05,4.830458915396475e-06,0.000706,0.00016534139765278925,4.1e-05,3.1622776601683796e-06
PTH,2,32,32,0.0014190000000000001,0.00019191722752848997,6.200000000000002e-05,4.216370213557836e-06,0.0013059999999999999,0.00018933802811080724,4e-05,0.0
PTH,2,64,1,0.0029819999999999994,0.00015880106352848466,0.000169,3.695342413844158e-05,0.002689,0.00011845768114488065,0.00011200000000000001,1.2292725943057181e-05
PTH,2,64,2,0.001687,0.00018493542416506118,0.00015099999999999998,3.665151201974256e-05,0.0014300000000000003,0.00018214768123085668,0.0001,1.6996731711975954e-05
PTH,2,64,4,0.0015179999999999998,9.150591966279191e-05,0.00018700000000000002,3.301514803843834e-05,0.0011779999999999998,4.917090377222875e-05,0.00014000000000000001,2.53859103528797e-05
PTH,2,64,8,0.0011070000000000001,9.153627089241114e-05,0.000139,2.131770260709265e-05,0.000843,7.394442357458594e-05,0.00011,1.7638342073763934e-05
PTH,2,64,16,0.001302,0.00010086294331087768,0.000119,3.16227766016838e-06,0.0010799999999999998,9.921917377424807e-05,9.600000000000003e-05,5.163977794943223e-06
PTH,2,64,32,0.0016469999999999998,5.812821078348179e-05,0.000123,1.337493509849259e-05,0.0014190000000000001,5.971227307309241e-05,9.700000000000001e-05,4.83045891539648e-06
PTH,2,128,1,0.010015,0.00042768758067854583,0.00039900000000000005,4.508017549014446e-05,0.009290000000000001,0.0003746702253686275,0.00031499999999999996,2.1730674684008847e-05
PTH,2,128,2,0.0056370000000000005,0.00013089860367645036,0.00040899999999999997,5.933895104491747e-05,0.004828000000000001,8.430104783848581e-05,0.00038599999999999995,6.931409989637349e-05
PTH,2,128,4,0.0038840000000000007,0.00024577315647654545,0.00044799999999999994,4.962078417580907e-05,0.003016,0.00015833859640375475,0.00040699999999999997,7.134423592694787e-05
PTH,2,128,8,0.0025079999999999994,8.521867296679904e-05,0.00036300000000000004,2.0575065816014614e-05,0.0017920000000000002,7.842901957254795e-05,0.00034500000000000004,1.5092308563562363e-05
PTH,2,128,16,0.0030150000000000003,0.00024622708579231863,0.000394,0.00023405602368284012,0.002313,0.00019453934192228462,0.00030199999999999997,2.0976176963403052e-05
PTH,2,128,32,0.003409,0.000283370585786332,0.000332,2.3475755815545365e-05,0.002764,0.000295228724889703,0.000305,1.5092308563562385e-05
PTH,2,256,1,0.04304600000000001,0.0038513553169991655,0.0015439999999999998,0.00020145029715099014,0.040053,0.0035799846368385433,0.001435,0.00020705608472639065
PTH,2,256,2,0.021523999999999998,0.0004403079730269609,0.001498,0.0001883141583158904,0.018523,0.0003311948067225699,0.001473,0.00022983327290306186
PTH,2,256,4,0.013788,0.0008508531665987448,0.001513,0.00014087425440993667,0.010824,0.0005950014005585754,0.00144,0.00020357908646136623
PTH,2,256,8,0.008442000000000002,0.00046796960964955376,0.001341,5.445691467165175e-05,0.005696,0.00041708512320628245,0.001393,6.412661087428692e-05
PTH,2,256,16,0.008007,0.00021323174664617244,0.0011209999999999998,3.956710193526374e-05,0.005806,0.00019184484471688188,0.00107,4.737556801183964e-05
PTH,2,256,32,0.008987,0.00041266208936610593,0.00114,4.6427960923947036e-05,0.006768000000000001,0.0004106580085667391,0.0010739999999999999,4.452215428550398e-05
PTH,2,512,1,0.161999,0.02452811151402498,0.005297999999999999,0.0011870579879124132,0.151346,0.022719741880380395,0.005344,0.0007509874980465536
PTH,2,512,2,0.082532,0.003683789715315828,0.0049429999999999995,0.000383639008559986,0.072468,0.0030796421148496377,0.005106000000000001,0.0004216949924609808
PTH,2,512,4,0.061505,0.0016694127377281198,0.0064280000000000006,0.0005855064284683625,0.048514,0.0011272109139129382,0.006547,0.0003835231414139177
PTH,2,512,8,0.040127,0.006301659481614521,0.005857,0.0006136240253155382,0.028116999999999996,0.005231375536128142,0.006139,0.0008176449922388894
PTH,2,512,16,0.035343,0.0044449148223309936,0.005277,0.0004784709442008413,0.024905999999999998,0.00359091817413504,0.0051470000000000005,0.0005957264472893574
PTH,2,512,32,0.039679,0.0049376162714861145,0.005872,0.0007870733412106165,0.028197,0.003762348704968452,0.005597,0.0007142991903490673
PTH,2,1024,1,0.56242,0.030675378834933136,0.018014,0.0011893247383844882,0.524988,0.02696678360090019,0.019407,0.0029776390722255856
PTH,2,1024,2,0.304471,0.005009489772200133,0.018902000000000002,0.002164890554072217,0.26701299999999994,0.0034548003640667295,0.018541000000000002,0.0013899276559910928
PTH,2,1024,4,0.212331,0.01871857511789946,0.022350999999999996,0.0020282967676791726,0.16754,0.013694019781560776,0.022424,0.003407961919453391
PTH,2,1024,8,0.15516199999999997,0.020729579402926218,0.023577,0.0018846045857007865,0.10896999999999998,0.018034268614070387,0.022594999999999997,0.0015295696562541144
PTH,2,1024,16,0.160145,0.025083868765049425,0.023952000000000005,0.0018928626175422477,0.11292999999999997,0.021096525253647292,0.02325,0.002839103927493868
PTH,2,1024,32,0.15072000000000002,0.02308257303200356,0.022727,0.0017035717380452938,0.10590599999999999,0.0204654609851167,0.022075,0.0012914354631786875
PTH,2,2048,1,2.192063,0.010498414748057168,0.070227,0.001631557197553577,2.0518049999999994,0.009667608287472172,0.070016,0.0014500513400872693
PTH,2,2048,2,1.2269519999999998,0.031927979996652894,0.075697,0.004365088900711084,1.080905,0.03088813193516956,0.07033700000000001,0.0024201655131645687
PTH,2,2048,4,0.8086770000000001,0.03772096088383748,0.08621800000000002,0.00727978449009462,0.647772,0.031898070927391414,0.07467399999999999,0.0023292211383016226
PTH,2,2048,8,0.551047,0.0411953932295024,0.090907,0.0073936940849768885,0.377763,0.02564425083934235,0.082357,0.011542094023375674
PTH,2,2048,16,0.6402720000000001,0.08987659858569044,0.104905,0.027154254117295627,0.44813200000000003,0.07001203242617972,0.087219,0.012347627257448647
PTH,2,2048,32,0.506559,0.01806344955981555,0.08574799999999999,0.005541505611694754,0.3443899999999999,0.010730511016101089,0.076408,0.002908274784510948
PTH,2,4096,1,10.120726999999999,1.6217929854539934,0.34249599999999997,0.09392027377870374,9.430496999999999,1.504912174218888,0.3477090000000001,0.08600543774152372
PTH,2,4096,2,4.937469999999999,0.03444355672691189,0.306372,0.016039767801034756,4.350048,0.03237565127616038,0.28104199999999996,0.007718021911229734
PTH,2,4096,4,3.1494600000000004,0.023987341569160013,0.314815,0.00999730324748741,2.539877,0.015128995744008354,0.294759,0.009020808598888338
PTH,2,4096,8,2.216378,0.1338093359805494,0.34524699999999997,0.031026108378446535,1.57376,0.11123992538652659,0.29735799999999996,0.026461045918691715
PTH,2,4096,16,2.103055,0.09888824177378785,0.328936,0.017027663896664668,1.478373,0.0728990376479691,0.295736,0.021259428339758638
PTH,2,4096,32,2.022488,0.016861823283513794,0.310323,0.0034815994089562384,1.4287840000000003,0.010417473782064382,0.283366,0.00922510367300974
PTH,2,8192,1,34.709817,0.3207336582846679,1.125385,0.06893999182058422,32.150331,0.27152237814261704,1.4340879999999998,0.08794790008231514
PTH,2,8192,2,20.151364000000004,0.1908649522684685,1.1637769999999998,0.018511837684153588,17.547831,0.18503528374940373,1.439743,0.03584541131333578
PTH,2,8192,4,13.116559,0.18638144700526904,1.202975,0.01566592711020395,10.29045,0.1170464486147843,1.623121,0.10828776061443365
PTH,2,8192,8,9.038689000000002,0.545149658991812,1.1709180000000001,0.017596000050516578,6.279757999999999,0.4469146114515487,1.5879999999999999,0.13229421546101117
PTH,2,8192,16,8.50949,0.0852038998846622,1.126723,0.010125413626667837,5.879707000000001,0.07065985408199549,1.5030459999999999,0.0657035272518403
PTH,2,8192,32,8.487575000000001,0.17586971422997527,1.123913,0.010694251882826286,5.899534000000001,0.12338555292703877,1.464115,0.10516172996865356
PTH,3,16,1,0.00034500000000000004,2.368778400591983e-05,6.6e-05,6.992058987801013e-06,0.00023699999999999996,2.2632326929023922e-05,3.100000000000001e-05,3.162277660168382e-06
PTH,3,16,2,0.00037000000000000005,2.748737083745108e-05,6.9e-05,9.944289260117535e-06,0.00025899999999999995,2.4244128727957557e-05,3.100000000000001e-05,3.162277660168382e-06
PTH,3,16,4,0.00044600000000000005,0.00012868566353716328,6.500000000000001e-05,8.498365855987979e-06,0.0003379999999999999,0.00012612163441165305,3.0000000000000004e-05,0.0
PTH,3,16,8,0.000633,0.0003187144315667066,5.700000000000001e-05,1.251665557034573e-05,0.000537,0.00031084293997665985,3.0000000000000004e-05,0.0
PTH,3,16,16,0.0027509999999999995,0.0041544258862620765,0.0018490000000000004,0.004207814027364908,0.0008550000000000001,0.00012686388155990044,3.2000000000000005e-05,4.216370213557839e-06
PTH,3,16,32,0.006808,0.01670127194091649,0.005322,0.016657474665213275,0.001448,0.0004920207764357563,2.9000000000000007e-05,3.162277660168379e-06
PTH,3,32,1,0.00046,2.9059326290271167e-05,7.799999999999999e-05,1.3165611772087675e-05,0.00032199999999999997,2.9363620727393656e-05,4.900000000000001e-05,5.676462121975467e-06
PTH,3,32,2,0.0005020000000000001,3.293090409394258e-05,7.399999999999998e-05,8.432740427115682e-06,0.00037600000000000003,3.949683531626298e-05,4.5e-05,1.2692955176439848e-05
PTH,3,32,4,0.0006309999999999999,4.6055522047970674e-05,7.999999999999999e-05,1.1547005383792519e-05,0.000503,4.808557187163549e-05,4.1e-05,3.162277660168379e-06
PTH,3,32,8,0.000508,7.714344503009386e-05,6.300000000000001e-05,4.8304589153964765e-06,0.000394,7.501111028818775e-05,4.1e-05,3.162277660168379e-06
PTH,3,32,16,0.003172,0.006996703668315688,0.002278000000000001,0.007003392511252433,0.000843,0.00027317271703692036,4.1e-05,3.162277660168379e-06
PTH,3,32,32,0.001331,0.0001505139343863034,6.3e-05,4.830458915396475e-06,0.0012139999999999998,0.00014878769363686566,4.1e-05,3.162277660168379e-06
PTH,3,64,1,0.0008020000000000001,5.731007280089988e-05,0.00013400000000000003,2.8751811537130438e-05,0.000565,3.240370349203931e-05,9.700000000000001e-05,8.232726023485643e-06
PTH,3,64,2,0.000765,8.669871202426633e-05,0.00016199999999999998,2.859681411936963e-05,0.000449,5.8204619900638275e-05,0.00013900000000000002,3.247221034122014e-05
PTH,3,64,4,0.000832,3.735713526965838e-05,0.00013099999999999999,3.1622776601683796e-06,0.0005830000000000001,3.743141876967942e-05,0.00010400000000000001,9.660917830792956e-06
PTH,3,64,8,0.000975,4.9272484996981634e-05,0.00012000000000000002,0.0,0.00075,4.9665548085837775e-05,9.700000000000001e-05,4.83045891539648e-06
PTH,3,64,16,0.0009550000000000001,0.00010437645541234117,0.00012000000000000002,0.0,0.00073,0.00010645812948447545,9.5e-05,7.071067811865474e-06
PTH,3,64,32,0.0014169999999999999,4.137900702315397e-05,0.00012000000000000002,0.0,0.001192,4.366539438350084e-05,9.800000000000002e-05,4.216370213557839e-06
PTH,3,128,1,0.002051,3.142893217686175e-05,0.000327,1.6363916944844763e-05,0.001408,2.347575581554537e-05,0.00030799999999999995,2.250925735484551e-05
PTH,3,128,2,0.001646,0.00010046558282980961,0.000374,4.299870799092559e-05,0.000924,6.040603354706288e-05,0.00034,3.197221015541814e-05
PTH,3,128,4,0.0015229999999999998,0.00010339245620450272,0.000357,3.465704994818675e-05,0.0008120000000000002,4.6856755708814835e-05,0.000343,5.121848624601601e-05
PTH,3,128,8,0.0015730000000000002,7.67463354173996e-05,0.000339,1.6633299933166202e-05,0.000895,4.8131763593978864e-05,0.00032799999999999995,4.491968140779471e-05
PTH,3,128,16,0.0014930000000000002,7.439384681843283e-05,0.000332,1.3165611772087667e-05,0.0008270000000000002,7.334090869963974e-05,0.000325,3.0641293851417056e-05
PTH,3,128,32,0.00186,0.0003620619959190538,0.000443,0.00033356825055418234,0.0010890000000000001,0.00024237024019737517,0.000318,7.888106377466155e-06
PTH,3,256,1,0.006687,0.00032595330272226986,0.0010669999999999998,3.8600518131237645e-05,0.004585,0.0002813163501982938,0.001029,4.433458644845519e-05
PTH,3,256,2,0.005403,0.0002582870926357379,0.001323,0.0001766383625125389,0.002814,0.00014975535605335342,0.001256,8.302610031389722e-05
PTH,3,256,4,0.0041340000000000005,0.000212770089794386,0.0011740000000000001,2.5033311140691268e-05,0.001768,0.00013513778976371565,0.0011819999999999999,9.727395449051216e-05
PTH,3,256,8,0.0041849999999999995,0.0003646383291853879,0.00126,8.041558721209889e-05,0.0015780000000000002,0.00013447841627727645,0.0013340000000000001,0.00028182737032919045
PTH,3,256,16,0.004389,0.0003897420799565897,0.001283,4.922736366426029e-05,0.001618,0.000174915852785148,0.001478,0.00023592842605803615
PTH,3,256,32,0.0048519999999999995,0.0009282695968545154,0.0012929999999999997,0.00017895064496484316,0.0022979999999999997,0.0008589114557909267,0.0012480000000000002,0.00020687086686035705
PTH,3,512,1,0.032398,0.0022653270551217723,0.00529,0.00037700574708263157,0.021868,0.0017991714142287212,0.005231,0.0004038825461828122
PTH,3,512,2,0.020489,0.0008109452646277815,0.0047989999999999994,0.0002271783440383348,0.010519999999999998,0.0004690178864156223,0.005158,0.000759894729551403
PTH,3,512,4,0.014548,0.0003370064292166147,0.004473999999999999,0.00010276186062932112,0.005491000000000001,0.0001548798817722228,0.004569000000000001,0.0001457128073376609
PTH,3,512,8,0.015371000000000001,0.0008860079006419755,0.005394999999999999,0.00016906606203887696,0.00429,0.0005641315843351127,0.005673999999999999,0.0004580684082827221
PTH,3,512,16,0.015347,0.0010662817013653888,0.005434,0.0006331438312983167,0.004453,0.0005762917856626297,0.005446999999999999,0.000888057180341196
PTH,3,512,32,0.015145999999999998,0.0006876885600004956,0.005191,0.00012556096350201972,0.004665000000000001,0.00024350450600439522,0.005276000000000001,0.00043828453467277767
PTH,3,1024,1,0.120803,0.02113505936694866,0.019247000000000004,0.0026173186024377455,0.081508,0.015865356248407694,0.020034000000000003,0.0029634184464717257
PTH,3,1024,2,0.077083,0.00704758753049581,0.019006000000000002,0.003219697018181818,0.039304,0.003496427382978866,0.018758,0.0012462013391815053
PTH,3,1024,4,0.071163,0.007061062321712727,0.022299,0.0020583566800295387,0.025948,0.0023051141210601945,0.022903,0.0032880830281487726
PTH,3,1024,8,0.065526,0.005085850087361118,0.023674,0.0018327950724993172,0.017734000000000003,0.0014768675559364754,0.024092000000000002,0.0040116103721295985
PTH,3,1024,16,0.064899,0.0026085689989383512,0.023627000000000002,0.0009689862973460692,0.017856000000000004,0.001500719827282895,0.023403,0.0014636260147698628
PTH,3,1024,32,0.06355600000000002,0.002953894604303498,0.023528999999999998,0.0013169531333937267,0.017372000000000002,0.0014783835015914435,0.022639000000000003,0.0013281185522719312
PTH,3,2048,1,0.402016,0.006894498934335671,0.065824,0.0024195049998800284,0.26997499999999997,0.008233023273513943,0.066201,0.0012371872219766181
PTH,3,2048,2,0.2676030000000001,0.005043043723784284,0.065074,0.0010624834639236073,0.13675900000000002,0.004810175441475887,0.065756,0.0016151449883318022
PTH,3,2048,4,0.228258,0.01932870967700063,0.07251700000000001,0.005596661802658198,0.08479900000000001,0.008058410995833962,0.070926,0.006855024434675637
PTH,3,2048,8,0.19158299999999998,0.004686498455966645,0.073718,0.0022159161636768694,0.04798200000000001,0.001961829078521708,0.06987299999999999,0.0011014843520349242
PTH,3,2048,16,0.195483,0.0061263221702203465,0.075639,0.0031166379677823063,0.047957999999999994,0.0016554073013410736,0.071872,0.0032007631034558686
PTH,3,2048,32,0.201942,0.014542042344717445,0.07685800000000001,0.00526121827885688,0.051653000000000004,0.004907753616019812,0.073406,0.005115478037833368
PTH,3,4096,1,1.5855219999999999,0.02390224015535872,0.26041499999999995,0.0026419447803128233,1.0603660000000001,0.023265146655219955,0.264729,0.003485141317077393
PTH,3,4096,2,1.129582,0.04370663916004837,0.275495,0.032272418306246185,0.5805990000000001,0.020475776718410995,0.273474,0.007491991576195084
PTH,3,4096,4,0.9323079999999999,0.08892194502296193,0.31017700000000004,0.0740243218363622,0.344834,0.017772429459387062,0.27728400000000003,0.019854085054047014
PTH,3,4096,8,0.770745,0.015441117007666384,0.30209100000000005,0.007009752650573512,0.194165,0.0030619501774014697,0.27447499999999997,0.008637653037718051
PTH,3,4096,16,0.789398,0.045942657689293,0.309577,0.017456559448464574,0.20387299999999997,0.02759275591326261,0.27593799999999996,0.005297145562575285
PTH,3,4096,32,0.781498,0.011067626263617307,0.30529799999999996,0.008902149303523416,0.196986,0.0025606084346411766,0.279204,0.004489704766339191
PTH,3,8192,1,6.793759,0.12649443496322896,1.05033,0.05993754082376095,4.421259,0.08101736349559743,1.322157,0.03959999440235646
PTH,3,8192,2,4.9242870000000005,0.11630715092661632,1.059438,0.02259865227053255,2.387188,0.03675163724244125,1.477647,0.10838889826812419
PTH,3,8192,4,4.045146,0.040728979636398696,1.1169520000000002,0.023244421935404398,1.4461089999999999,0.019674012441684402,1.4820670000000002,0.026642375206926718
PTH,3,8192,8,3.40441,0.06417154907831912,1.133314,0.012368099827108963,0.8857459999999999,0.017350165032836633,1.3853379999999997,0.06507218945140858
PTH,3,8192,16,3.424458,0.1003246326017029,1.129745,0.0201110822129934,0.8808630000000001,0.006552446616849806,1.4138419999999998,0.09465256653208674
PTH,3,8192,32,3.40656,0.07041156991416815,1.143491,0.02399881730882217,0.884728,0.005664102949472441,1.3783299999999998,0.05911656395066726
SEQ,0,16,1,0.00046499999999999997,5.441609239104833e-05,8.6e-05,5.232377832092956e-05,0.000346,3.8064273129653856e-05,2.9000000000000007e-05,3.162277660168379e-06
SEQ,0,32,1,0.0009350000000000001,3.4721111093332763e-05,9.800000000000002e-05,1.5491933384829657e-05,0.000786,2.6331223544175323e-05,4.100000000000001e-05,3.162277660168379e-06
SEQ,0,64,1,0.0029629999999999995,4.7853944456021715e-05,0.000167,1.4944341180973267e-05,0.0026780000000000003,3.7947331922020645e-05,0.00010600000000000002,3.339993346633427e-05
SEQ,0,128,1,0.010099,0.000452927514436177,0.00042600000000000005,3.533962208186287e-05,0.009325,0.0004556131399919602,0.00034,5.077182070575938e-05
SEQ,0,256,1,0.037733,0.0010854804363864788,0.001358,4.6139883927995353e-05,0.035301,0.001106470364115855,0.0010659999999999999,0.0001264208140387579
SEQ,0,512,1,0.14989500000000003,0.002411395400546714,0.005141000000000001,0.00011080012033687815,0.14032499999999998,0.0017028293448780425,0.004419,0.0010417127989784689
SEQ,0,1024,1,0.613969,0.0068389886354310965,0.021124,0.00243991894218731,0.573144,0.005213821801498178,0.019688,0.006479867625534064
SEQ,0,2048,1,2.398651,0.025114620553684627,0.07741100000000001,0.0015972994570698214,2.252711,0.019254842075003768,0.068516,0.012517267362416698
SEQ,0,4096,1,9.769988,0.36514636675052764,0.314864,0.025246489833022124,9.139629000000001,0.3433233919094686,0.315479,0.011427329278726703
SEQ,0,8192,1,38.669379000000006,0.6029231326435084,1.2400090000000001,0.024445917836908682,35.945191,0.4630724882168404,1.484169,0.1369206703370808
SEQ,1,16,1,0.024789,0.07688938020154525,0.024399,0.0768788351816603,0.00034500000000000004,2.592724864350674e-05,3.2000000000000005e-05,4.216370213557839e-06
SEQ,1,32,1,0.0009080000000000002,2.44040069569642e-05,9.200000000000001e-05,4.216370213557838e-06,0.000753,1.7029386365926407e-05,5.2000000000000004e-05,1.0327955589886445e-05
SEQ,1,64,1,0.002776,8.733078876700168e-05,0.000182,2.2010098692292234e-05,0.0024599999999999995,5.374838498865702e-05,0.00011800000000000001,2.0976176963403028e-05
SEQ,1,128,1,0.009594,0.0005327329954531111,0.000535,5.038738819276993e-05,0.008673,0.00047881914934323365,0.000372,6.579429222120173e-05
SEQ,1,256,1,0.03365,0.0012983065893693978,0.001463,0.00016819631387161846,0.030983,0.0012003152363719567,0.0011909999999999998,0.0002622318736453591
SEQ,1,512,1,0.14407099999999998,0.008024290138212993,0.005502999999999999,0.0004178795679778244,0.13352999999999998,0.007714394913983143,0.005026000000000001,0.0007482899022289273
SEQ,1,1024,1,0.5316150000000001,0.033413035796094774,0.018535,0.002152400468727364,0.494957,0.03117389365407466,0.018112,0.0012721442964974956
SEQ,1,2048,1,2.010637,0.02950139508942285,0.06808,0.003646697135765458,1.8774769999999996,0.026328183905802872,0.06507200000000002,0.0010493468868247914
SEQ,1,4096,1,7.980875999999999,0.05828581249135847,0.265592,0.002573410188835031,7.40685,0.05470857458692678,0.308424,0.010914441198094675
SEQ,1,8192,1,32.690035,0.3891042792891274,1.088064,0.021640020127326832,30.133751999999998,0.3349750663623251,1.468206,0.09069544925494083
SEQ,2,16,1,0.034638999999999996,0.06901153099301595,0.03415699999999999,0.0690067417076847,0.0004339999999999999,5.378971401051813e-05,3.3e-05,4.830458915396481e-06
SEQ,2,32,1,0.0070589999999999984,0.006838288366088241,0.006188999999999999,0.006804638042459635,0.0008180000000000002,0.00010559882154224596,4.2000000000000004e-05,4.21637021355784e-06
SEQ,2,64,1,0.002412,0.00010911767348448496,0.00012900000000000002,2.233582075700127e-05,0.0021850000000000003,0.00010437645541234109,9.100000000000002e-05,1.1972189997378648e-05
SEQ,2,128,1,0.008836,0.0002730160760427447,0.000348,4.5898438608156034e-05,0.008175,0.00022322136496710548,0.000303,3.743141876967947e-05
SEQ,2,256,1,0.034636,0.0007674662497103343,0.001203,0.00018815182994356204,0.03224,0.0006098087131770639,0.001184,0.0001932298573662408
SEQ,2,512,1,0.14236100000000002,0.006831231302708983,0.004801999999999999,0.00044643775228654956,0.132662,0.006238339878881594,0.004888,0.0005671723234118922
SEQ,2,1024,1,0.545218,0.0023800130718595425,0.017177,0.0008129377453272642,0.510605,0.0018348857064012323,0.017426999999999998,0.0007925212930893394
SEQ,2,2048,1,2.1589400000000003,0.006035528145904107,0.068336,0.002028092700050963,2.023894,0.005575615959993319,0.06669800000000001,0.001197393465453653
SEQ,2,4096,1,8.645078000000002,0.045783391408772744,0.273956,0.011459305970840184,8.044680000000001,0.025339233523442493,0.32642899999999997,0.029413491405589156
SEQ,2,8192,1,34.620567,0.14710103467042893,1.082718,0.005783839170962099,32.05918799999999,0.1208510490737344,1.478641,0.06817948036860744
SEQ,3,16,1,0.02694,0.08407794426073412,0.026669000000000005,0.08404666606514899,0.00022700000000000004,4.448470398787531e-05,3.4000000000000007e-05,5.163977794943223e-06
SEQ,3,32,1,0.00043099999999999996,2.6436506745197794e-05,9.2e-05,1.3984117975602022e-05,0.00027599999999999993,1.7763883459298985e-05,5.5000000000000016e-05,8.498365855987972e-06
SEQ,3,64,1,0.0008629999999999998,6.650814486462037e-05,0.000166,1.8378731669453637e-05,0.000562,3.583914681524161e-05,0.00012500000000000003,2.677063067368168e-05
SEQ,3,128,1,0.002574,0.0001508641773251689,0.0004389999999999999,3.871548642195897e-05,0.001675,6.168918507773921e-05,0.0004469999999999999,9.603818684946803e-05
SEQ,3,256,1,0.009345000000000001,0.0005225631274996561,0.0016389999999999998,0.000180336105955272,0.005949999999999999,0.0005257587110283788,0.001742,0.0002007098513886262
SEQ,3,512,1,0.033101000000000005,0.0032507006082450017,0.005276,0.0004373455282852573,0.021907000000000003,0.0019584804200082134,0.005899000000000001,0.0013636425892113778
SEQ,3,1024,1,0.127103,0.003123303272711971,0.020448,0.0009516278450925837,0.085682,0.0021933323201618732,0.020956,0.001624227679715979
SEQ,3,2048,1,0.43432000000000004,0.027955886281385834,0.06978200000000001,0.005752908056897057,0.29535100000000003,0.020000280803584316,0.06917500000000001,0.005422412849563478
SEQ,3,4096,1,1.7305959999999998,0.03998618794867382,0.277312,0.01846545411181528,1.139349,0.024333420753267596,0.31392,0.00970400490061249
SEQ,3,8192,1,6.9993870000000005,0.09474504525890041,1.073783,0.01565941112132462,4.4953449999999995,0.07389090911607454,1.4302449999999998,0.05510166588528277
